Date,Close,High,Low,Open,Volume
,QQQ,QQQ,QQQ,QQQ,QQQ
2020-01-02,208.5802459716797,208.5802459716797,206.47668109608105,206.88195182101686,30969400
2020-01-03,206.66964721679688,207.91442086514243,205.8012121274127,205.82051493847678,27518900
2020-01-06,208.0012664794922,208.03021333492575,204.79769178041784,205.04856943541913,21655300
2020-01-07,207.9722900390625,208.56090055536444,207.31614177760017,208.0784334017966,22139300
2020-01-08,209.5354766845703,210.49076693905388,207.6152668569054,207.94334098415996,26397300
2020-01-09,211.31100463867188,211.71627534875006,210.07588969641512,211.262754970482,23547000
2020-01-10,210.7706298828125,212.16013787981402,210.39430602726887,212.1408497914396,21898500
2020-01-13,213.2022705078125,213.23121736432708,211.30134840345303,211.63908136109868,22756900
2020-01-14,212.36276245117188,213.45314302414909,212.03468829206147,213.09610728748868,24418100
2020-01-15,212.44960021972656,213.4434814510854,211.75484628972598,212.47854707316574,25742100
2020-01-16,214.48558044433594,214.52418605899953,213.05748190006906,213.5110021681349,18805000
2020-01-17,215.5470428466797,215.7207239647326,214.33121612538972,215.45054352083037,24325200
2020-01-21,215.45059204101562,215.99095305051117,214.85233731246458,214.94882193631264,21146300
2020-01-22,216.01986694335938,217.25498184049704,215.74968647984372,216.5409397828046,20736400
2020-01-23,216.71466064453125,216.81115999507742,214.89093481958486,215.89447505982363,26496100
2020-01-24,214.89088439941406,217.95938339726447,213.89700316166594,217.7277938445321,37436500
2020-01-27,210.4522247314453,211.59084039781587,209.56447201603453,210.03729523144546,42264400
2020-01-28,213.68475341796875,214.17687946226852,211.3785604295557,211.93822423609828,26731900
2020-01-29,214.0321044921875,215.1128263468879,213.08647286932467,214.87159273834007,28924500
2020-01-30,214.79441833496094,214.89090294746305,211.98645550110226,212.6522626394122,39568100
2020-01-31,211.38821411132812,215.72076071875642,210.63555163367218,215.6918138608157,52015800
2020-02-03,214.58213806152344,215.0742493542368,212.27594520364147,212.420679488636,25408600
2020-02-04,219.4936065673828,219.86993035572252,216.77248477190417,217.5154883061186,30691200
2020-02-05,220.2173614501953,222.1761773845251,218.89540584467008,222.13758648144568,38534800
2020-02-06,222.1182403564453,222.17613406164182,219.98572896475244,220.76732343236472,22467100
2020-02-07,221.16294860839844,222.35947249500524,220.52608840792726,221.12435771309546,25884900
2020-02-10,223.83584594726562,223.84548999123973,220.3717347992263,220.4296285105335,21478900
2020-02-11,223.8743896484375,225.81391691071428,223.28577916802303,225.07091341687644,30198000
2020-02-12,226.05519104003906,226.1613344153498,224.63673626258208,225.19639999388144,24471300
2020-02-13,225.7657012939453,226.69203006669883,224.2121563309873,224.4823367833513,22773200
2020-02-14,226.4122314453125,226.6245182141058,225.36045636957525,226.12274814934602,23438500
2020-02-18,226.49905395507812,226.92362745880757,225.07095512558615,225.312188732366,24394500
2020-02-19,228.67013549804688,229.14295862462606,227.5797697072824,227.84995014426204,22230500
2020-02-20,226.54727172851562,228.64117737374295,223.7489681732989,228.1683689942028,42604000
2020-02-21,222.19546508789062,225.80431059157095,221.27878028383344,225.4183426920937,66017200
2020-02-24,213.62681579589844,216.38652863409405,212.53643526554671,213.90664027979352,84522600
2020-02-25,207.8179473876953,216.13569314341837,207.21004863899142,215.42163628252047,97743000
2020-02-26,208.8889923095703,212.55574593078725,207.36439420882164,209.11093782002146,79537700
2020-02-27,198.42910766601562,208.83109922780073,198.29401744016377,203.50465726442775,121822600
2020-02-28,198.58351135253906,199.90546682811066,191.2210568394317,191.67457720562786,148173700
2020-03-02,208.8311004638672,208.9758494576776,198.71859210440334,201.5555015878146,112933900
2020-03-03,202.13446044921875,211.90925094519767,200.33968181891154,209.49691486810363,131953500
2020-03-04,210.5679931640625,210.67413654065027,203.95818640798947,205.83982033147532,73086200
2020-03-05,204.1704559326172,208.77319691264753,202.73271317184086,205.23188960892767,78705500
2020-03-06,200.72561645507812,201.81598208920659,195.79480210293923,197.49308099480714,89828400
2020-03-09,186.78236389160156,194.1062126505949,185.37355315132524,186.69550860323383,116424000
2020-03-10,196.95272827148438,197.13606813284002,186.8884564941873,194.0579255521291,100599200
2020-03-11,188.37451171875,193.7105982536417,185.97181954572054,192.35969586141536,89168800
2020-03-12,171.10220336914062,184.0902143107526,170.73552352448345,175.70493062254954,137820700
2020-03-13,185.59547424316406,187.66043321770908,171.88376501310108,180.51028068555135,134882000
2020-03-16,163.36338806152344,178.20406832166154,163.22829784175232,168.04331081509645,92054400
2020-03-17,175.7531280517578,177.92423016794092,163.82653983790948,169.31701821196467,121257100
2020-03-18,170.40744018554688,172.9355638876313,160.9510790522312,165.5924116849053,114156300
2020-03-19,171.43023681640625,177.0558057342062,165.61168397711026,169.52931500602483,120896500
2020-03-20,164.71429443359375,176.45754397954283,164.13534264435782,175.3671781508033,118983900
2020-03-23,164.83326721191406,168.4594829088444,159.48579422280676,165.27807474120956,124639800
2020-03-24,177.59751892089844,177.76190557244902,172.07599542539555,173.97130372611585,94881800
2020-03-25,176.28244018554688,183.2544361599916,174.03901426390547,178.3324561273083,88754900
2020-03-26,185.56553649902344,186.35847607115215,177.54918891881272,177.8006012256512,79887600
2020-03-27,179.183349609375,184.22136204856727,178.5644762553733,180.75953415255316,58845000
2020-03-30,185.70091247558594,186.13607015311376,180.18906769636067,180.88530227427427,49356900
2020-03-31,184.11500549316406,188.80491583463254,182.9546197169045,185.3914401756236,62659300
2020-04-01,176.2920684814453,181.4654745206506,174.88993494669364,178.67087204610723,53715400
2020-04-02,179.8699188232422,183.824921648931,174.99629262025297,175.2573842174988,56465300
2020-04-03,177.3170623779297,180.89493941770374,175.30572015049697,179.4251095678287,47487600
2020-04-06,189.9943389892578,191.12571639948365,182.94498289320208,184.19239447213582,64763500
2020-04-07,189.91697692871094,195.97034845202333,189.53018653170977,195.68991287235582,69904500
2020-04-08,193.94932556152344,194.5295111098527,189.69455776490898,191.60919515807683,45940400
2020-04-09,194.22975158691406,196.51185021730672,192.46015684446024,195.67057303429524,68252600
2020-04-13,196.328125,196.70525079116968,192.1894058925095,193.3981442943492,42853900
2020-04-14,204.8666534423828,205.48552690969478,199.60622159267746,200.38948171090428,63959600
2020-04-15,202.516845703125,204.83763212714518,200.28309965189658,201.5982075323094,47036000
2020-04-16,206.21075439453125,207.2937791918744,202.76827007002805,204.70225135391578,64657400
2020-04-17,208.18345642089844,209.36318645426852,205.07942401326326,209.03441310204659,62863200
2020-04-20,205.71762084960938,208.75397126433407,205.55323419001917,206.31715040283336,38249100
2020-04-21,198.12672424316406,204.1897600730919,196.908321271094,203.64824764106075,72932800
2020-04-22,204.00604248046875,205.34049445523922,201.45318745597828,202.19777447502784,40089100
2020-04-23,203.5708465576172,207.36144759106443,203.16471231350903,204.7989138832166,43278500
2020-04-24,206.78131103515625,207.2261332995007,202.58457446573186,204.00605213523187,34231900
2020-04-27,208.44451904296875,209.47920620475813,207.4195112317317,209.05372792346557,36451700
2020-04-28,204.51853942871094,210.14643256069022,204.23811860921205,210.14643256069022,46862800
2020-04-29,211.7709503173828,212.70893241928837,208.03836585400458,209.05370897778042,48716400
2020-04-30,211.68392944335938,212.77661885837904,210.17542637085984,212.6895932399902,43359500
2020-05-01,205.71762084960938,209.51788747714824,204.69259824346352,207.41951928575614,48795000
2020-05-04,208.11575317382812,208.3381569178671,204.15108514385525,204.47987321712668,32841000
2020-05-05,210.47523498535156,212.87336819648004,209.69197474638162,210.26249581487707,37783100
2020-05-06,211.7709503173828,213.7436047322021,210.91032923734747,212.15774067162778,36455200
2020-05-07,214.4978790283203,215.3778293304014,213.14408322762208,214.4978790283203,38624800
2020-05-08,217.4375457763672,217.57292389436378,215.13610301531662,216.17079022473285,31852300
2020-05-11,219.3811798095703,220.4061876114149,215.88067812664278,216.11276121115958,35714100
2020-05-12,214.78799438476562,220.57061006272218,214.75898584082177,219.98074507734898,41054100
2020-05-13,212.0997314453125,217.19577644197017,209.5565559995538,215.31014757378958,65521200
2020-05-14,214.50753784179688,214.54621097558282,208.86031598223929,210.77495333943116,51549300
2020-05-15,215.90005493164062,215.95807202282296,211.12311768949985,211.558260628477,55747200
2020-05-18,219.92266845703125,221.13140672561653,218.02737511474876,218.8106351519751,42398100
2020-05-19,219.3715057373047,222.26281317551988,219.22646303768968,220.18377436536215,36237300
2020-05-20,223.75196838378906,224.10975020660538,221.90501268067092,221.9243566253143,37417000
2020-05-21,221.3151397705078,224.47720324780767,220.80263591932265,223.800312760875,43642900
2020-05-22,222.07904052734375,222.28210026834813,219.99033751781778,220.90897553665158,28762400
2020-05-26,221.4795684814453,225.86005042250426,221.23782077910764,225.65697586029273,33055300
2020-05-27,222.68829345703125,222.8043423805733,216.54791104396233,221.1411171091804,55665600
2020-05-28,222.398193359375,225.76331681786388,221.48921975300513,221.5472368333935,42784300
2020-05-29,225.65696716308594,225.8890502602244,221.20880370946887,222.7753387937141,50691800
2020-06-01,226.3338165283203,226.7109422705384,224.34181826147068,224.78664042785624,25776000
2020-06-02,227.85202026367188,227.91003734406564,224.35150394380872,226.7593160658992,33383400
2020-06-03,228.87701416015625,229.63126566977897,227.58125025953322,228.4612005173557,37228700
2020-06-04,227.27183532714844,229.94072449159285,225.96639190953192,228.52892625612952,38716100
2020-06-05,231.77796936035156,232.3678341913239,227.851990053105,228.42251094147522,47365600
2020-06-08,233.5766143798828,233.70231314163112,230.05676870388527,231.63295356434315,32937300
2020-06-09,235.26885986328125,236.11980171670766,232.53227418366006,232.71600479278536,35046300
2020-06-10,238.09243774414062,239.63962867787012,236.4388772492784,236.96106046033228,58084400
2020-06-11,226.29519653320312,235.5492910367919,226.2371794446397,234.16650124233396,72919400
2020-06-12,228.0937957763672,232.46458359073958,224.0904544343747,231.19782799716617,72034800
2020-06-15,230.8690185546875,231.54590906120876,223.8293277766536,224.76730989108535,45307400
2020-06-16,234.8336944580078,236.32285362512326,231.2074793783913,235.73298871530136,48890100
2020-06-17,235.57823181152344,237.39617875745026,234.71761081682283,236.3324832560878,34749300
2020-06-18,236.2164764404297,236.4582241046069,234.48556965716767,235.2591503784496,30578600
2020-06-19,236.17784118652344,238.84673051525962,234.4469193705357,238.58563886464245,49422100
2020-06-22,239.0102081298828,239.13612547770188,235.75546861736825,236.0460584821556,24068700
2020-06-23,241.04441833496094,243.28204904570222,240.05638320344318,240.608518743907,32767400
2020-06-24,236.0751495361328,241.5190835196892,234.5737044081336,240.28886547252975,46032400
2020-06-25,238.32247924804688,238.62276533954574,233.5856716073336,236.16234384530514,36940800
2020-06-26,232.6944580078125,238.2546422572769,232.1713666955086,238.0802735595869,52824600
2020-06-29,235.23240661621094,235.2421028000898,229.91440449709287,232.45232150431107,34377800
2020-06-30,239.84327697753906,240.3857311222954,234.98053769858723,235.1645878078653,38909200
2020-07-01,242.64273071289062,243.64046200339658,239.33955460937236,239.8820087346067,34689200
2020-07-02,244.2894744873047,246.3043146844653,243.8245159128112,245.0934742857462,31956500
2020-07-06,250.2952880859375,250.8183499236713,247.42799635489,247.44737394246968,34589000
2020-07-07,248.5709991455078,252.70724902603953,248.2707130799958,250.04340004637635,36578200
2020-07-08,251.84510803222656,251.87416701948237,248.46445108149072,249.8980967630213,30426300
2020-07-09,253.96649169921875,254.6348779384561,249.55904464248042,253.76307879730842,40312900
2020-07-10,255.7003936767578,255.9522579004297,251.13795603722204,253.8211673036568,32885300
2020-07-13,250.44056701660156,261.33813136183994,249.61718957598762,258.5483501596133,64108100
2020-07-14,252.2132110595703,252.62006644722487,244.8416140011681,247.9123035285186,72230500
2020-07-15,252.72654724121094,254.46047859296812,249.42337180324324,253.627405207513,54523900
2020-07-16,251.00238037109375,251.6417076841719,247.61202706817122,249.93683484929684,47594100
2020-07-17,251.29302978515625,252.15513292727434,249.11351668766693,251.4576875536162,35137900
2020-07-20,258.4224548339844,259.0520860624318,250.68277082500842,251.93233709696818,40610100
2020-07-21,255.7294921875,260.0013406611979,254.88675199990922,259.99164447831834,43243800
2020-07-22,256.63037109375,257.56031787936155,254.32492605858337,256.2235452413886,29865500
2020-07-23,249.92709350585938,256.93057374408835,248.5128109808824,256.22346204312583,51363500
2020-07-24,247.55392456054688,248.8810010636322,243.44676290518152,246.0815383240811,54054500
2020-07-27,251.9710235595703,252.35848655129203,248.41601291957087,249.2006350853051,36445700
2020-07-28,248.76475524902344,251.70952760532504,248.47416535530817,251.18643623510212,31302400
2020-07-29,251.6320037841797,252.4941363585927,249.83028741655778,250.30492740472042,27556900
2020-07-30,252.949462890625,253.51127995184018,248.5129261417142,249.66564881916878,41774500
2020-07-31,257.4634094238281,257.6184005335109,252.67816607292343,257.57964536570734,53686300
2020-08-03,260.9408874511719,261.68675430436537,259.47818316295445,259.6041152621421,32081600
2020-08-04,261.90966796875,262.00654112835355,259.6913997284412,260.4372668904667,24911300
2020-08-05,262.55859375,263.013870876457,261.50274457620185,262.3939360268414,21612100
2020-08-06,266.0361022949219,266.3654472399502,261.72549990787036,262.3648269993458,28048200
2020-08-07,262.96539306640625,266.26856818458606,260.81494001087515,265.49361283575456,44969400
2020-08-10,261.841796875,263.4594925602236,258.3158452119872,263.25605010082427,35088400
2020-08-11,256.8822326660156,261.9677626976184,256.33977849423417,260.67941186848594,43104300
2020-08-12,263.34332275390625,264.292632558147,258.99399217506493,259.0424435427089,38773400
2020-08-13,263.9438781738281,266.2202347679171,263.0042647207203,264.118232118973,31895700
2020-08-14,263.6338195800781,264.83496360319526,262.2389292996389,264.5637365798614,30799500
2020-08-17,266.6948547363281,267.19855367130015,263.6726020034328,265.3483861002516,24803000
2020-08-18,269.26190185546875,269.7365419310849,266.2977663060148,267.7604712724752,23529500
2020-08-19,267.450439453125,270.278946136403,266.93704429449025,269.2230968313442,31999400
2020-08-20,271.160400390625,271.6447364880161,266.249225268312,266.65608059719347,27723400
2020-08-21,273.03973388671875,273.4950111792658,270.70522943442757,271.35425306652104,34748900
2020-08-24,274.7445068359375,277.0402552703963,272.4584250218504,276.31375110447743,36418500
2020-08-25,276.9046325683594,277.09837884113364,273.52397590762297,273.96955686116684,34866600
2020-08-26,282.8135986328125,283.0654629280866,276.87563181789136,278.1542865394627,42216700
2020-08-27,281.9320373535156,284.6443373020769,279.66534790974026,283.7919010200014,49482700
2020-08-28,283.36566162109375,283.9952926035419,281.8157802755482,283.1719153673276,28021000
2020-08-31,285.6421203613281,287.45353300882533,283.4529112905165,283.8888256925662,36321000
2020-09-01,290.52423095703125,290.6404669118816,286.5236093289017,288.29626676343895,36216200
2020-09-02,293.2751770019531,293.99198490248807,287.5890764554297,293.7788758561768,50836800
2020-09-03,278.4061584472656,289.2649685703261,275.5001410341636,288.7612695275421,110083300
2020-09-04,274.6960754394531,279.8784781117177,263.28511702709073,276.61405721893505,123959000
2020-09-08,261.4930419921875,269.50394951816503,261.2121188094273,263.6919169898988,99568600
2020-09-09,269.1746520996094,271.2766543474852,264.4475267451622,267.0048356988263,64837900
2020-09-10,263.8081970214844,273.3593207786206,262.0839615989203,272.13878428391274,69667500
2020-09-11,261.97747802734375,266.5980350087326,258.5386730653531,265.5615483841543,71809000
2020-09-14,266.5398254394531,268.5352876518593,264.40873494002557,265.76487000260346,38525200
2020-09-15,270.3177490234375,271.66421800560084,266.51087314337616,270.2886900305187,41849900
2020-09-16,266.007080078125,271.5769456767523,265.65837224757234,271.1120019026821,42321000
2020-09-17,261.85150146484375,265.803671415116,258.3255201270873,259.1682602925586,81570800
2020-09-18,258.5096130371094,263.56608442882447,254.4024512923501,263.2754945172754,86251100
2020-09-21,259.1296081542969,259.2652069418308,251.96140750106414,254.2474901338005,57168600
2020-09-22,263.9438781738281,264.52505799097776,258.1899614917511,261.5318636865093,41128900
2020-09-23,255.88446044921875,263.8081922152063,255.0029651703819,263.6241421261343,48837300
2020-09-24,257.0759582519531,260.2822612295325,253.0365817167115,253.20126901630118,70631700
2020-09-25,263.05267333984375,263.8663546046262,256.0201022892826,257.57968021793397,55242400
2020-09-28,268.5159606933594,268.5159606933594,263.1592043100047,267.9153590640591,58438300
2020-09-29,267.3052062988281,269.0100499124166,266.74335965632383,267.9542003633098,27050000
2020-09-30,269.1358947753906,272.2840795923681,267.22760925771536,267.4988363056399,49380800
2020-10-01,273.4078063964844,274.01807478631196,271.07330218155147,272.9622253346809,50020200
2020-10-02,265.7165222167969,273.39808721175547,264.8737819632803,267.3729437344513,75497400
2020-10-05,271.38323974609375,271.7028886034737,267.57636463690346,267.6829044021858,28184600
2020-10-06,266.5398254394531,272.3809171702395,265.65833025839567,270.69543713257326,49704200
2020-10-07,271.15081787109375,271.9451068504108,268.59350829415524,269.1844138882439,27539700
2020-10-08,272.5940856933594,273.6208760048687,271.52854021117037,273.5530618465626,25443300
2020-10-09,276.7593688964844,276.83687923895894,273.8533518459046,274.2408148736751,30201100
2020-10-12,285.30303955078125,288.1412421777684,280.4015602801821,281.44771331389154,79370700
2020-10-13,285.2933654785156,287.74410530374576,283.92753393870277,287.10480757675845,64240000
2020-10-14,282.9104309082031,287.0660433720436,281.16683258458767,286.09737106747224,36949100
2020-10-15,281.0118408203125,281.6027167352025,277.5633697889149,278.2026970558413,42514200
2020-10-16,279.4716491699219,284.0825091243024,279.1229117768664,282.65855968918424,40570700
2020-10-19,274.9091491699219,282.3485738792417,273.9308103830915,281.38956833207254,36756800
2020-10-20,275.5000915527344,278.60952134905114,274.0858382762635,275.6453864849861,32195400
2020-10-21,275.2869873046875,278.31893637761823,274.80265114764507,275.7519606576001,29306100
2020-10-22,275.27734375,277.0209719856233,272.02261834196514,276.1200840945255,32196200
2020-10-23,275.8197326660156,275.9844199589692,272.9524710243989,275.8487916516508,24658500
2020-10-26,271.68353271484375,276.36220711569626,268.0897666062739,273.5337004338927,38421100
2020-10-27,273.8049011230469,274.6282784460207,271.4219756705786,272.6812377681638,30559100
2020-10-28,263.130126953125,269.9108322592108,262.87826272492396,269.3005640518184,53413500
2020-10-29,267.7313232421875,270.7341834095391,263.98253700077817,264.4475102983985,43246300
2020-10-30,260.9408874511719,266.61729160281925,258.70325733006575,265.7454926504381,65838300
2020-11-02,261.52215576171875,264.951234387495,258.60644270616984,263.3335682160116,39987400
2020-11-03,266.0458984375,268.14793078715525,262.35525854656015,263.4401670257865,43604100
2020-11-04,277.92181396484375,279.7235305179656,273.0396965784712,274.7058143616717,75728200
2020-11-05,285.16741943359375,286.13609162097805,282.8522787162113,284.3343459804481,52054200
2020-11-06,285.3806457519531,286.107150266247,280.75039149664855,284.5088462471093,40959800
2020-11-09,279.5490417480469,289.76854882231373,279.0937647372868,288.3252074775725,86537100
2020-11-10,274.54107666015625,277.67956499962037,271.82877687458836,276.2362529405631,69024900
2020-11-11,280.6824951171875,281.15713508451313,274.5023611131332,277.0693367959135,36102900
2020-11-12,279.3651123046875,282.9201529950376,278.25114496474237,281.65119452478615,34414600
2020-11-13,281.8157653808594,282.43572971092203,278.8516311363723,281.0795946908179,24806900
2020-11-16,284.01470947265625,284.3149954988351,280.90525033211213,281.5155185664531,30168400
2020-11-17,283.1138610839844,284.5378106410221,282.4745337765864,284.20846558476273,21843500
2020-11-18,281.021484375,284.1793652811079,280.93430742232914,282.5616992234426,28069600
2020-11-19,283.2204284667969,283.53041071580213,279.801016229081,280.4694025203273,22718400
2020-11-20,281.2830810546875,283.8888120349206,281.19590409077864,283.14291540781056,25907300
2020-11-23,281.2927551269531,283.5788074982923,279.0454283621734,282.2807902017898,26875600
2020-11-24,285.2449645996094,285.7389969863995,280.5565937015867,282.3583101873505,24516800
2020-11-25,286.9982604980469,287.63758783613304,285.3612017599633,286.3105113640674,23326800
2020-11-27,289.64276123046875,290.76642482953747,288.5675194297025,288.96467868500986,17163100
2020-11-30,290.233642578125,290.57268385708966,285.54527134088045,289.9624154672609,27836200
2020-12-01,293.9533386230469,295.5807308347324,291.4057253044322,292.5100261065924,27521300
2020-12-02,294.33111572265625,294.6701569761963,290.94076231032705,292.7812339647129,23620000
2020-12-03,294.7475891113281,296.29747061345313,294.0210849286006,294.6410493540629,22828700
2020-12-04,295.9487609863281,296.0940854857261,294.11798564616987,294.7960385433814,19332100
2020-12-07,297.62451171875,297.9926118577177,295.94869829296,296.1327483624438,20851000
2020-12-08,298.6319274902344,298.93221347380245,295.396566250659,297.1498603720827,18341500
2020-12-09,291.87066650390625,298.69979481909945,290.8051209953174,298.4189011189299,48839300
2020-12-10,293.0427551269531,294.16641862505844,288.7515436168122,289.83645194283537,27519500
2020-12-11,292.3937072753906,292.51963939028485,289.1195905342581,291.38627991776616,26760400
2020-12-14,294.51519775390625,296.4622093940941,293.51746625263877,293.5852508614624,28804800
2020-12-15,297.663330078125,297.663330078125,294.58292958627936,296.77213852291385,25709000
2020-12-16,299.3003845214844,300.0850067369302,297.01430247088257,298.0604851324992,25461900
2020-12-17,301.25714111328125,301.48961304866043,299.6975926108826,300.8987370257257,23730500
2020-12-18,300.34649658203125,302.2063601921427,297.97323789416714,301.89637799686926,41173400
2020-12-21,299.78460693359375,300.31833044507476,294.6219232768166,297.3973329206937,37095500
2020-12-22,300.5998229980469,301.52171194012516,297.77587362376966,300.6871579747628,26176300
2020-12-23,299.08599853515625,301.00742751673073,298.93072646132157,300.648373802603,21201300
2020-12-24,300.40576171875,300.85215041411334,299.2703772695468,299.34799849760674,16785000
2020-12-28,303.43353271484375,303.9090627498687,301.1821318103991,303.016255627374,22497700
2020-12-29,303.7051086425781,305.38395957848456,302.8026177991903,304.7628715044697,25871900
2020-12-30,303.7149353027344,305.1899756041934,303.09384699783345,304.86974730737415,18138100
2020-12-31,304.4621276855469,304.94734177549776,302.54069884301674,303.61785990745113,21611400
2021-01-04,300.1631164550781,305.9662872166434,296.15524362075485,305.79158764928553,45305900
2021-01-05,302.6376953125,302.9094436130417,299.17328947709655,299.17328947709655,29323400
2021-01-06,298.4454650878906,302.6571194728593,296.9315996265697,297.9214256235518,52809600
2021-01-07,305.6654357910156,306.49998969313816,301.07530048400076,301.10441214070005,30394800
2021-01-08,309.5956726074219,309.9450421199518,305.7624698029127,307.9556467648449,33955800
2021-01-11,305.1219177246094,307.80999203232807,304.47171807687437,306.6357827026517,32746400
2021-01-12,304.6368103027344,306.2476949303709,301.9972446157722,305.1608201678188,29266800
2021-01-13,306.6941833496094,307.4899120873604,304.2972241457926,304.89888498304555,22898400
2021-01-14,305.0540771484375,308.14003137848067,304.57854724429166,307.14049162666987,23500100
2021-01-15,302.6376953125,305.8013004189801,301.3955485198215,304.8405860696371,35118700
2021-01-19,307.05316162109375,307.5577735764941,303.8604448492262,304.95703335116684,24537000
2021-01-20,314.1955261230469,315.1368426570693,307.150237563624,310.6728966508946,30728100
2021-01-21,316.7088928222656,317.45614139482274,314.15669185783963,315.5346831419662,25130600
2021-01-22,315.7967834472656,316.8060075341054,315.1077580465844,315.67062303263043,21609400
2021-01-25,318.4072265625,320.5518945042625,311.9053744915473,319.1835869990393,39080600
2021-01-26,318.8729248046875,320.00833856627617,317.5434432171333,319.1252455550653,25498100
2021-01-27,309.98382568359375,316.6215500084764,307.9750325074136,316.61186586622944,55264000
2021-01-28,311.81793212890625,316.7671208529013,310.5660717164288,311.1871598518047,42836300
2021-01-29,305.25787353515625,311.235714435012,303.51111472813875,310.1294121394821,55259000
2021-02-01,312.88543701171875,313.9723117313327,306.67467355944177,308.70286470856337,35646000
2021-02-02,317.9898681640625,319.14467995579764,315.68995833829047,315.8549441435876,33930800
2021-02-03,316.7283020019531,320.4353441471031,316.67007868994455,320.0665767609733,24824500
2021-02-04,320.47412109375,320.56145605662556,316.8059045774193,318.1257020072432,22350900
2021-02-05,321.5609436035156,322.5701968140564,319.7850737490576,321.4250991105214,22732000
2021-02-08,323.7154235839844,323.87069564867556,321.6096109896816,323.2496370050291,20462800
2021-02-09,323.6474609375,324.90900552724037,322.7740520206348,322.7837657777463,17597500
2021-02-10,322.9100036621094,325.53985595567383,319.75611181567257,325.0837534886612,28068700
2021-02-11,324.6857604980469,325.0933532551644,322.2985161066726,324.4431535180057,22046100
2021-02-12,326.5006103515625,326.66556657656395,322.79356717232974,323.8416166959518,20346800
2021-02-16,325.617431640625,328.1890600141787,324.4529061508469,327.2962531900004,27080800
2021-02-17,324.0550231933594,325.73387433759797,320.4062339586188,322.6382065694726,31360300
2021-02-18,322.6383056640625,323.99689939295024,318.64982985751396,320.4645556978421,32236200
2021-02-19,321.23114013671875,324.1133131474082,320.2122023472819,323.98715273983385,39157700
2021-02-22,312.9047546386719,318.1062336381714,312.7009730848016,316.8446892940695,47256900
2021-02-23,311.9732666015625,313.6424042805588,301.80316846266425,307.6257376291465,97241900
2021-02-24,314.5448303222656,314.8553743878626,306.6164205834435,309.31420922120384,58206300
2021-02-25,303.5790100097656,314.4478165943364,302.0360328819496,311.8859018058299,110182600
2021-02-26,304.850341796875,309.6733417234004,301.68673625485536,306.5097657965004,104739800
2021-03-01,314.02081298828125,314.3604687329603,308.53790036171097,309.8285566533543,49164500
2021-03-02,308.9842529296875,314.7388835576029,308.7319618013117,314.66126235235896,48370000
2021-03-03,300.0176086425781,308.82908433687646,299.9593853153674,307.88776772680876,86301100
2021-03-04,295.1071472167969,302.8123475533605,291.23511953573234,299.64874294131386,139131600
2021-03-05,299.5517272949219,300.45421828563053,288.65383910417154,297.72731779857696,121523700
2021-03-08,291.0702209472656,300.89094906211733,290.6529439514444,299.0083160866487,88409800
2021-03-09,302.5504150390625,304.4524757960612,297.84386156001557,298.3775852694577,80391100
2021-03-10,301.686767578125,307.11145845390996,300.9977717478163,306.8106280372207,76798100
2021-03-11,308.6349792480469,310.40113598574584,305.5393110589751,306.43208837867047,53484800
2021-03-12,306.1312561035156,308.819361034418,302.18163603796603,304.57856513949434,69315600
2021-03-15,309.4015197753906,309.5665055519443,304.8114146812217,306.45144023031384,42955700
2021-03-16,311.099853515625,314.6128284107204,309.6636387601218,311.59478136522023,54925900
2021-03-17,312.3807678222656,314.2731142716138,306.34470446712464,308.06238098379487,78258700
2021-03-18,302.8124084472656,308.47970529373805,302.35630603181596,307.4995633846593,82718100
2021-03-19,303.87982177734375,305.4227986604715,300.5027218576933,302.6473593300156,78446200
2021-03-22,309.57867431640625,311.6483021316832,306.27505656570685,306.27505656570685,56194800
2021-03-23,308.22796630859375,311.9882611197806,307.41178081607006,310.6668264135562,53455400
2021-03-24,303.0296936035156,309.63695783991335,302.88395145067733,309.5980833816486,64803700
2021-03-25,302.5049133300781,304.02072028195784,298.67662528605473,301.18347861884416,78729000
2021-03-26,307.04254150390625,307.3631741488765,300.8919871848112,302.29114110628734,63519600
2021-03-29,306.9551086425781,308.004481539224,303.6126177087931,306.508156265536,54608000
2021-03-30,305.4101867675781,305.9834588710033,302.70899076791363,304.99238280868605,44635700
2021-03-31,310.0838623046875,311.648210590427,306.85796477633806,307.1980495153089,55032500
2021-04-01,315.36968994140625,315.50570605795934,313.65956971601975,313.9122092000032,55685600
2021-04-05,321.6659240722656,322.43353874677877,317.6141450188865,317.85705842768675,42172500
2021-04-06,321.4424743652344,323.3954780790689,320.6651336373876,321.35502909319854,33537200
2021-04-07,322.2198181152344,323.0554557758428,320.0335971350939,320.9663764505816,32046400
2021-04-08,325.5816650390625,325.76628158947887,324.27965281416175,325.07641585779936,29940800
2021-04-09,327.5541687011719,327.758237330556,323.48296692718856,324.2214035847813,36664900
2021-04-12,327.12664794921875,327.54445190282576,325.24163749281007,326.5145014042746,25833000
2021-04-13,330.9452819824219,331.41165681721344,328.4383986353373,328.6521636521234,30374000
2021-04-14,326.9712219238281,331.31451549227876,326.1550363096084,331.18819575689,42564300
2021-04-15,331.9266052246094,332.3152904254535,326.6894072166839,329.84728173217786,36342800
2021-04-16,332.3153991699219,332.52916423933004,330.4400843849893,332.4514153127122,40860100
2021-04-19,329.27398681640625,331.8974338253998,327.35010195446523,330.74119328623317,34533100
2021-04-20,326.8740539550781,329.89588299862584,324.9015979540993,328.61332253604616,38081800
2021-04-21,329.6724548339844,329.8570714442744,324.5032490509094,325.59149665734134,36598100
2021-04-22,325.69830322265625,330.26505741623004,324.5420330499766,329.2837074299544,45936100
2021-04-23,329.7986755371094,331.11038416546467,326.32986509398035,326.32986509398035,36381900
2021-04-26,331.946044921875,332.22783278624416,329.29341975267846,330.0416120491915,30812000
2021-04-27,330.50799560546875,332.45130297889796,329.5557939700995,332.23753798172004,33187200
2021-04-28,329.390625,331.1881903884685,328.7396039329799,330.1776621742586,33615700
2021-04-29,330.5760498046875,333.08290350684666,327.350152142513,332.66509949857345,37708900
2021-04-30,328.40924072265625,330.6149137077244,327.4958838275435,328.12748248561445,38263400
2021-05-03,326.66033935546875,330.36233848214016,326.2133868472881,329.6141756257808,29729700
2021-05-04,320.78173828125,324.4254393328649,316.9631170432461,324.1047770349144,65147000
2021-05-05,319.7032775878906,323.6967904869496,318.925966338487,322.83200429340394,46219300
2021-05-06,322.1129150390625,322.26838318331374,317.1963498806183,319.4408674680595,46814300
2021-05-07,324.7266845703125,327.10721838902833,322.2878242481722,324.89184909704045,53324500
2021-05-10,316.52587890625,323.5217668729857,316.3218103051578,323.346876345633,60700500
2021-05-11,316.0887145996094,316.88547788084816,309.97700352184944,310.6377506820967,71963600
2021-05-12,307.9074401855469,313.47499844516364,307.0426539207223,311.15276088070965,91164900
2021-05-13,310.28790283203125,313.2611609143748,307.9170653261402,310.85147860856483,69877800
2021-05-14,317.1380920410156,318.05141931549144,312.95023696158665,313.4555159056816,44370000
2021-05-17,315.21417236328125,317.11860526417,312.3380857870897,315.42793735794857,39395000
2021-05-18,313.0862121582031,317.39063032434586,312.81415034674865,316.16636699905735,36528500
2021-05-19,313.44573974609375,313.74694999804194,307.33403013403495,307.68384085880683,66319100
2021-05-20,319.5089416503906,320.364001834182,314.7089986232418,314.9324600445573,46466100
2021-05-21,317.740478515625,321.48132145136884,317.3809713994121,321.0635174867169,50330400
2021-05-24,323.0845642089844,324.21168599974675,317.6335718206218,320.0335575189442,32475800
2021-05-25,323.5315246582031,325.3193638580735,322.35583201667487,324.60034962891825,31280300
2021-05-26,324.6586608886719,325.1250356947649,323.5121166203355,324.20198245602694,25444900
2021-05-27,323.4440612792969,325.0570098443517,323.2400223221107,324.21167594063655,27931700
2021-05-28,324.46429443359375,326.05782064398926,324.143661777974,324.6489109982741,29927400
2021-06-01,323.3858337402344,326.2716467918246,322.0352206878219,325.7955162529955,31145400
2021-06-02,324.0174255371094,324.8627596813174,322.2976088179456,323.8036604941181,22047900
2021-06-03,320.64569091796875,322.4529523972083,318.97444552465936,321.1800885418261,37057800
2021-06-04,326.08697509765625,326.53392747974567,322.3752509899363,322.44327386292196,38736500
2021-06-07,327.05865478515625,327.11695163734953,324.8627078441473,325.5525736967801,32611900
2021-06-08,327.21417236328125,329.6724555104515,325.5332004644364,328.80766931810535,27282800
2021-06-09,327.2918395996094,329.36146679362156,327.1072230182878,328.5841556688603,21485300
2021-06-10,330.7023620605469,330.80922974058655,327.18498020530035,327.6319326307272,33702100
2021-06-11,331.5671691894531,331.5768952173148,330.0611174970947,330.7121090082984,21222800
2021-06-14,334.7444152832031,334.75411165619005,330.8092001288667,331.99461879216443,27827700
2021-06-15,332.5582275390625,334.7055740598569,331.8391835882948,334.3946377380395,35963800
2021-06-16,331.3436584472656,334.09342554312184,327.8845734311439,333.0246004757765,55399500
2021-06-17,335.5508728027344,336.5614009161053,330.28452654871006,330.3330973709085,59722700
2021-06-18,332.9177551269531,335.03595335090176,332.1695627033639,333.8894089528953,55414900
2021-06-21,334.98681640625,335.3078507278584,330.8914171304185,333.1093563944914,32992600
2021-06-22,338.10943603515625,338.55690689909756,334.4809528967481,334.7825125753731,28941600
2021-06-23,338.27490234375,339.4228066449722,337.4383248174759,338.0511816823589,27188500
2021-06-24,340.3663635253906,341.89360715659967,339.6659600072428,340.21071500058883,32581600
2021-06-25,339.9479675292969,341.17368082800033,339.3448481876853,340.93048562980766,28682800
2021-06-28,344.0823669433594,344.2185705361471,341.1737611876977,341.23212567405795,39130300
2021-06-29,345.3274230957031,345.3566053302325,343.07059435596864,343.90717153708596,29426000
2021-06-30,344.7827453613281,345.5609879343318,344.19907085330505,345.17185180437065,32724000
2021-07-01,344.9189758300781,345.4248112767706,343.0804054395295,344.43258531663196,29290000
2021-07-02,348.878173828125,349.19917847907755,346.5823953510962,346.8158532790617,32727200
2021-07-06,350.3859558105469,350.6680705847408,346.7866545948441,349.48127669565827,38842400
2021-07-07,351.1252746582031,352.8860056968473,349.16997556649414,352.5844459954386,35265200
2021-07-08,349.00457763671875,349.8606295414184,344.77300465517175,346.05705282530545,50890000
2021-07-09,351.18365478515625,351.66030794341236,347.83728599436506,348.42096049265064,35184500
2021-07-12,352.5552062988281,353.0124144307922,351.00845880895133,352.5843885333402,25717700
2021-07-13,352.5552062988281,355.52217565956795,351.69915450392415,352.17580756325896,39723000
2021-07-14,353.1875915527344,355.54170485979586,352.3607217963523,354.89966586143754,35336400
2021-07-15,350.7069396972656,353.30427761673343,348.7030135306895,353.1000019515352,53391600
2021-07-16,347.8664855957031,352.5455597508293,347.51626900448645,351.5630414577966,47262000
2021-07-19,345.0162048339844,345.5123028914568,342.457786391463,344.4130557565104,64404600
2021-07-20,349.0240478515625,350.47348181147095,344.16985124566145,345.9500568175087,42183700
2021-07-21,351.7186279296875,351.7186279296875,348.3722595622353,348.59600983623227,30259900
2021-07-22,354.0436096191406,354.05331724074057,351.92292475983817,351.92292475983817,30252200
2021-07-23,358.1779479980469,358.4600330913524,354.01444683189067,355.36659687870036,31960800
2021-07-26,358.46002197265625,358.84915807961875,356.62148152100133,357.48724107908396,28438100
2021-07-27,354.51055908203125,358.19740724269093,350.3567950589431,358.19740724269093,57933100
2021-07-28,355.8724060058594,357.4483359230241,353.35290716174416,355.64868540953734,42066200
2021-07-29,356.5047607421875,357.67208002910337,355.30822952835405,355.30822952835405,25672500
2021-07-30,354.64666748046875,355.230341838767,352.54545760274164,352.57463983631095,36484600
2021-08-02,354.6759033203125,356.8938424675399,353.9657626135782,356.31016802102414,27334100
2021-08-03,356.8257141113281,356.9424430545556,352.1466409531741,355.33736071135064,35558500
2021-08-04,357.34130859375,358.2946444999458,355.6778616771782,356.7868163925877,29602200
2021-08-05,359.60791015625,359.84136806061525,357.44833548012485,358.15844650154094,21443900
2021-08-06,358.03204345703125,359.31612153159466,356.923088528578,358.34334050909285,33332100
2021-08-09,358.6935119628906,359.21879227433755,357.3899891192531,358.48920659929973,25960200
2021-08-10,356.85491943359375,359.50088450327837,355.66812562247975,359.20906212633037,35130800
2021-08-11,356.2420959472656,358.6156837906482,354.90939082350536,358.1195857036136,34249800
2021-08-12,357.526123046875,357.88604718975773,354.38403040361794,355.7362099532733,25969200
2021-08-13,358.7810974121094,359.1118393914003,357.38029038986537,357.8764182022619,19336200
2021-08-16,358.93670654296875,358.9755964043206,353.8004245874079,357.66236594114577,34856900
2021-08-17,355.77520751953125,357.1565399214651,353.3432550078953,356.1837589168107,44793900
2021-08-18,352.3509216308594,356.6408884771561,352.02017972469156,355.24008176461376,38541900
2021-08-19,354.0533142089844,355.72649847904336,350.16219076111844,350.41512328504285,48499400
2021-08-20,357.720703125,358.1195468253012,354.8120682739087,355.1233652624728,39486000
2021-08-23,363.0710144042969,363.76168050891255,358.7518649712199,358.7615725928064,34034700
2021-08-24,364.1800537109375,364.7831732398068,363.1975353053726,363.6644809181696,21732900
2021-08-25,364.59820556640625,365.1721723213324,363.6837893056617,364.4328494670508,20441900
2021-08-26,362.2830810546875,364.42318125334026,361.8453177686198,363.74225242568974,29133300
2021-08-27,365.8045959472656,366.3104314081765,362.4290445015896,362.91543502870763,27104700
2021-08-30,369.9096984863281,370.39608896782306,366.5730372212145,366.59251184010253,27295700
2021-08-31,369.6081237792969,370.2209508241252,368.0613759863575,370.15287872153397,29628200
2021-09-01,370.220947265625,372.292975362787,370.01667158597905,370.6684478607396,28138300
2021-09-02,370.0458679199219,371.9038830992487,368.82989173085343,371.5731411382523,25453400
2021-09-03,371.18402099609375,371.5828647338186,368.87853497661405,368.89797990763077,24605400
2021-09-07,371.7093505859375,372.3611269478608,370.1334500440866,371.2910618617517,23970200
2021-09-08,370.4154968261719,371.53418888426035,368.1489304715028,371.53418888426035,32949200
2021-09-09,369.14105224609375,371.7480971064708,368.89785709821734,370.6391426693465,29399000
2021-09-10,366.3395690917969,371.57313527689786,366.00882713601777,370.8532868841385,40249400
2021-09-13,366.08660888671875,369.1022354975582,364.0340555167634,368.6742095431466,48741800
2021-09-14,365.04583740234375,368.3046302692142,364.0925012571172,367.5750444595705,41826600
2021-09-15,367.75982666015625,368.11004323972287,363.2072189342207,365.5029974158369,34097900
2021-09-16,368.0127258300781,368.5866629766989,364.5010011650978,366.4270882738112,35193100
2021-09-17,363.6546936035156,367.58473699845644,362.6138405372607,367.536109825172,60912300
2021-09-20,356.1404113769531,359.59760052316324,351.4950827977084,357.8543837928454,76203200
2021-09-21,356.57861328125,359.1690828510137,355.448932811139,357.97122509015963,41927500
2021-09-22,359.9092712402344,361.3700605255151,356.3936229060116,357.49408892276324,46972900
2021-09-23,363.2300720214844,364.2623605576245,360.4253523309041,361.06810306998113,44652000
2021-09-24,363.5708312988281,363.9896133295,360.59082461261204,360.9608958528311,36056800
2021-09-27,360.6688232421875,361.54529073029505,358.1173164506575,360.52275028080777,43338100
2021-09-28,350.4627380371094,360.6200833019486,349.9563419053026,356.11113975261696,97701600
2021-09-29,349.88824462890625,353.87132647054887,349.26498999492287,351.7288533739284,58076600
2021-09-30,348.60272216796875,353.1993399840683,347.76521730224164,351.53404863767764,61384600
2021-10-01,350.7646789550781,351.80671566780865,345.11630620391486,349.22599414736044,56375500
2021-10-04,343.40228271484375,349.47915560995733,341.1624180751223,349.1480469939881,76766000
2021-10-05,348.0378723144531,350.28748511975874,344.2398266509391,344.46379528915065,47232900
2021-10-06,350.2680969238281,350.54077642421413,343.9185132836674,344.82419558282425,56806500
2021-10-07,353.4817810058594,356.13068001293635,352.78060098281446,353.3162118154901,39411200
2021-10-08,351.7190246582031,354.79642358024233,351.18338421693574,354.5626771412162,41822300
2021-10-11,349.021484375,353.7057457079708,348.93381087561374,350.1803497179044,34847200
2021-10-12,347.80419921875,350.91078370939994,347.1614483765982,350.4725647623648,43905100
2021-10-13,350.58941650390625,351.26138192979204,348.08659048110457,350.11223486401144,40120800
2021-10-14,357.0461120605469,357.2603623386323,353.52074543736745,354.1829627624196,43433900
2021-10-15,359.29571533203125,359.41257371328817,357.23113801027205,358.26342667115165,40419900
2021-10-18,362.90869140625,363.12294165828496,357.3966437582866,358.00043181770434,34513500
2021-10-19,365.6550598144531,365.70374090580145,362.9574794613314,363.9800201383341,29091000
2021-10-20,365.177734375,366.7261669402671,363.69744936682696,366.11263088765054,31390300
2021-10-21,367.40789794921875,367.6026817027361,364.07731569080005,364.37920970487227,25469300
2021-10-22,364.32080078125,367.1157724526557,362.65550955944025,366.151661174739,36275800
2021-10-25,368.0507507324219,368.9661811321115,363.7949890444162,365.74270824037933,32597800
2021-10-26,369.2095642089844,372.70571582455597,368.0312026781242,370.29056357749243,47191300
2021-10-27,370.06658935546875,373.1342406653701,369.39462396036834,369.65755531156043,45760500
2021-10-28,374.1763000488281,374.4295130303726,371.1962923423179,371.96564967251066,38007000
2021-10-29,376.0168151855469,376.18238434993214,370.7482623140283,371.09883741061566,37310100
2021-11-01,377.3023986816406,377.4290051784343,374.3711016428478,376.45514562751055,30765300
2021-11-02,378.8799743652344,379.357185663946,376.640109711893,376.68879079224985,25135300
2021-11-03,382.90203857421875,383.32079099091254,378.32491714465226,379.3669241341271,33748900
2021-11-04,387.8102722167969,388.76466508058655,383.62268889248287,384.16804775184016,40265300
2021-11-05,388.180419921875,390.5079287761591,386.7780598018693,389.5827800418807,43383800
2021-11-08,387.6544494628906,389.17366766730487,387.0116987272032,388.1511272404283,29256300
2021-11-09,384.9861145019531,389.1250170525933,383.62271725276725,388.7257311225047,50490700
2021-11-10,379.3279724121094,385.025025946136,377.39972016193104,382.21058782342465,54937400
2021-11-11,380.3797607421875,382.48330073015137,380.03890398916815,382.30801316111234,32243000
2021-11-12,384.38232421875,384.91793501078206,379.93177954519547,381.52889353659543,34730600
2021-11-15,384.2946472167969,385.8820428090397,381.8502803090758,385.5606822807142,33716900
2021-11-16,387.03125,387.52789812836994,383.3695288223204,383.5642828876192,27872900
2021-11-17,387.2357177734375,389.271080351987,386.27160647829044,387.35257614620315,28703300
2021-11-18,391.24798583984375,391.7543819923216,387.0604026086429,389.2808006923199,45721500
2021-11-19,393.429443359375,394.7051967758908,392.0562980604122,392.88408448146737,45191700
2021-11-22,388.8620910644531,398.0261126342941,388.75498078370543,394.96820922241557,61715400
2021-11-23,387.08966064453125,389.7677741026922,382.64886397876717,387.70316712665146,70098700
2021-11-24,388.3362121582031,388.6186100065078,382.27880505991624,384.6063137412448,46954400
2021-11-26,380.9738464355469,387.1481120691461,379.5812047702449,385.75547040384413,51533300
2021-11-29,389.24188232421875,390.25470446434224,384.81083375590487,385.54122833660483,54447100
2021-11-30,383.52532958984375,390.70266886623006,381.5094334278674,388.35566406293606,81332700
2021-12-01,377.0004577636719,390.01123520199883,376.53302425799205,387.86873256819564,77766500
2021-12-02,379.7174987792969,381.49964829455416,374.29309512340205,375.71492143807603,84416600
2021-12-03,373.1147155761719,382.08395134060004,368.9952800688155,381.08087745788833,105349100
2021-12-06,376.1044006347656,377.4677974464864,369.38474899160343,373.6015755862152,67588800
2021-12-07,387.4304504394531,388.0439865824426,382.7169747724457,382.7559374678274,56005300
2021-12-08,389.16387939453125,389.3684112346581,385.86251200179584,387.761549421212,39204000
2021-12-09,383.4376525878906,389.7385237714015,383.2428688299524,387.9368780298735,49973700
2021-12-10,387.60577392578125,387.86870525421034,383.0773041195876,386.252095147971,52545800
2021-12-13,382.006103515625,387.9174075757061,381.63603218287085,387.5960470455848,50166400
2021-12-14,378.0522155761719,379.892794312924,373.60167116660904,377.1757183759927,75199200
2021-12-15,386.6708984375,387.0312514132929,373.8451856032461,377.7990527532284,73858000
2021-12-16,376.7278137207031,388.06355281618323,375.14041794552674,387.63505224914786,82591400
2021-12-17,374.84820556640625,379.01632239107107,371.7902729452207,373.3094911519789,80492500
2021-12-20,371.2120666503906,372.00189791934713,368.07223292718174,370.11995574802063,65336800
2021-12-21,379.5198974609375,379.8319376180265,370.7342381114431,374.4883615195796,48899500
2021-12-22,384.141845703125,384.3466090046507,378.56425525190224,379.2273181620309,37042200
2021-12-23,387.0379638671875,388.5103494206365,384.32717824113536,384.49292911590464,29595500
2021-12-27,393.4346618652344,393.4346618652344,388.30560935408874,388.33486126067066,32820700
2021-12-28,391.6111755371094,394.5072331846005,390.7335886228549,394.33172175330714,33113700
2021-12-29,391.5527038574219,393.01535875380046,389.1734495120229,391.7477364133884,32248500
2021-12-30,390.382568359375,393.52240182382957,389.7975004933809,391.3381504413039,23850100
2021-12-31,387.9447937011719,391.07486647663586,387.44748157279275,389.70972801987483,34752900
2022-01-03,391.679443359375,391.93297971200633,386.99895993684294,389.1149172009514,40575900
2022-01-04,386.59918212890625,392.2645295635358,383.4983609725823,392.2255171018178,58027200
2022-01-05,374.7224426269531,386.0336464702579,374.4689062551625,384.9122539075164,75739800
2022-01-06,374.4591064453125,377.7062166468237,370.665970610198,372.89896518864697,70814300
2022-01-07,370.40264892578125,376.15578101647236,368.62798390140586,374.4688419422933,72652300
2022-01-10,370.646484375,371.1633176681869,360.1153811127312,365.4882095760822,91770500
2022-01-11,376.2143249511719,376.38007583133276,367.8284314531936,369.9151368337182,68295700
2022-01-12,377.70623779296875,380.4852879183951,375.4244998316744,378.7885880822106,54576400
2022-01-13,368.2574768066406,379.77344317810594,367.32138607006556,379.0908590373564,77994000
2022-01-14,370.54901123046875,370.8805427785589,365.5272054742977,365.73199859106967,80121200
2022-01-18,361.3245544433594,366.8534038373813,360.5639749785632,364.7276855585656,75450900
2022-01-19,357.3558349609375,365.36142397943667,357.09253804936543,362.884653494914,81791500
2022-01-20,352.7143249511719,364.56182268670506,352.1780301030194,360.583414788911,88610700
2022-01-21,342.93408203125,353.16290612795297,342.6512937420078,350.5203845165671,143388900
2022-01-24,344.5039367675781,345.1670295366128,325.8307170835743,337.2979398423168,198685800
2022-01-25,336.5179443359375,342.2905699732771,333.1733465748342,338.03913312670784,124398400
2022-01-26,335.9913635253906,347.99488320728324,332.29571355089075,344.1237217742268,146559500
2022-01-27,332.60772705078125,342.52451051417944,331.5838507758371,340.70107218408737,95255700
2022-01-28,343.0412902832031,343.25581417527985,329.5361349101255,334.4896460210948,108167900
2022-01-31,354.0111999511719,354.5962678146219,342.7682614012825,344.4064573705001,94326400
2022-02-01,356.4197082519531,357.07304048443206,350.1985748796091,355.3568493429369,74433000
2022-02-02,359.3157958984375,360.8857276435615,355.2203800024864,360.5541961013505,78777100
2022-02-03,344.7477722167969,352.91914292607044,343.6849131524874,349.603797538334,95384800
2022-02-04,349.09674072265625,352.40232542393113,343.207108479274,345.2645621512683,86318300
2022-02-07,346.2884216308594,352.0610162014481,345.03053010727854,349.6915224478901,58198100
2022-02-08,350.1790466308594,351.2711574230751,344.0163874373138,345.1475106886193,64720900
2022-02-09,357.5996398925781,357.67763506227124,353.1043982561765,354.7035819338976,55766400
2022-02-10,349.50628662109375,357.3656172419755,347.6633567635275,350.56914570172694,112468500
2022-02-11,338.4193115234375,351.10541357716863,337.1906719787039,349.5062300581321,101569100
2022-02-14,338.8385925292969,342.2417228430427,335.32824490789875,337.8634893549558,80254400
2022-02-15,347.2635192871094,347.497534540643,343.0608267315955,344.12368568511306,55128800
2022-02-16,347.17578125,348.1996277941473,341.97846408667095,345.01105077118837,58947100
2022-02-17,336.8493957519531,344.65995176395654,336.4300787806872,343.957876304225,61801400
2022-02-18,333.0074768066406,338.17551145152197,330.69648716812225,337.7854761541738,80001500
2022-02-22,329.66290283203125,335.4745397892179,326.0257866533956,330.0626987465813,85967100
2022-02-23,321.2185363769531,333.6608340248981,320.9064961847199,332.8222594857859,86215400
2022-02-24,332.0129089355469,332.5492335985033,310.33638189306424,310.9019287065518,130614100
2022-02-25,337.1614990234375,337.36629216737293,328.9901573554691,332.8125460998036,78842100
2022-02-28,338.16583251953125,339.8625325970894,332.8222851647606,333.98266054095194,77515500
2022-03-01,332.9880065917969,339.41393357869146,330.4624926900795,337.1419560500035,67407000
2022-03-02,338.5752868652344,339.91117330085154,331.76905676987656,334.53834589900805,70609000
2022-03-03,333.7388610839844,341.3251634791002,331.8764102317942,341.2178866433013,71089400
2022-03-04,328.9023132324219,332.8124867744624,326.5815925016523,331.37908381139886,76936300
2022-03-07,316.77191162109375,330.05283802384514,316.5671483456869,328.89246320024205,89933800
2022-03-08,315.2995910644531,324.9140932774325,311.97448594648023,315.9821453748635,116153900
2022-03-09,326.6498107910156,328.0052185200381,320.89670787410046,323.49048595183797,64723400
2022-03-10,323.0224914550781,324.231639902073,318.57602234753324,322.58371278131693,69362700
2022-03-11,316.3234558105469,326.3085322987516,315.83590423569774,325.99649214897937,66228400
2022-03-14,310.2485656738281,318.45891709171076,309.54649025320623,315.0850687060095,79802600
2022-03-15,319.9801330566406,320.7602335296496,311.2822285265704,312.8911429753278,76471000
2022-03-16,331.84716796875,331.96417560553823,320.22392333719165,323.90008188710704,105243000
2022-03-17,335.8645324707031,335.92303627927254,328.6487750885402,329.9456491888773,67810000
2022-03-18,342.7389831542969,343.03153194243146,333.0464558449214,334.2068309282822,85446300
2022-03-21,341.7861022949219,344.12926677549336,337.3927135857114,341.9032843546097,73799100
2022-03-22,348.5031433105469,349.3720723502091,341.9033167948213,342.2840616925666,63345900
2022-03-23,343.4947204589844,349.1866175882123,343.4361443131073,345.6230963393139,70615500
2022-03-24,351.12945556640625,351.17828888337755,343.2604089859963,345.4180431013783,53555300
2022-03-25,350.83648681640625,352.125221265648,346.5309624936482,351.0707913364237,57584200
2022-03-28,356.2648620605469,356.36249890337564,349.5869131762799,350.8268146759197,56833900
2022-03-29,362.39605712890625,363.0208792526786,357.3875883383796,360.1603016882618,68073000
2022-03-30,358.3930969238281,362.1909514304634,356.90911867507566,360.5312150013469,68757700
2022-03-31,353.950927734375,358.89104686049905,353.111286846269,358.5395602717695,67011400
2022-04-01,353.2773132324219,354.9955963044331,350.0945372985119,354.2145612530259,54527800
2022-04-04,360.5508117675781,360.5605843894059,353.8533480010585,354.1169406391993,45950200
2022-04-05,352.5451354980469,359.80887580399263,351.40284102160507,359.0961596097527,62738700
2022-04-06,344.8907775878906,348.32737305430527,342.2547325110714,347.22413959470737,90077100
2022-04-07,345.7109375,347.9076322076177,340.4291035387786,343.8949877151884,63777400
2022-04-08,340.878173828125,344.72483245789175,340.2435791372865,343.973085491154,61956100
2022-04-11,332.8139343261719,337.5587809808596,332.47222027371026,336.64104828891413,66107400
2022-04-12,331.40802001953125,339.452794656007,330.03142109457684,337.5685259026367,72790200
2022-04-13,338.14453125,339.1989315583572,331.02723233621174,331.7496912550013,61367800
2022-04-14,330.4121398925781,338.7498243741417,330.197350790889,338.23238196478735,73519400
2022-04-18,330.66595458984375,332.9602857065273,327.8346656732138,329.35770467097535,58560600
2022-04-19,338.0566711425781,338.6326897192212,328.9965272996326,330.0216395506015,56515700
2022-04-20,333.1263122558594,339.32587900079994,331.9059262743585,338.8670126799724,65500000
2022-04-21,326.2335205078125,339.6284760109033,325.3060451924478,337.0119760512291,75801000
2022-04-22,317.6907958984375,327.61009433202435,317.26121775329443,326.38970864572536,82562100
2022-04-25,321.7718505859375,322.08427656175553,314.79124842111077,316.0604677749035,101755900
2022-04-26,309.6265563964844,319.89731322684804,309.3531613568277,319.7118121896965,105819600
2022-04-27,309.25555419921875,315.230558692566,307.5372413482148,309.7241633079819,111204200
2022-04-28,320.239013671875,322.0744787230799,309.99751554990206,314.22494874020236,99450000
2022-04-29,305.8287353515625,319.47754326903953,305.194140582694,316.0311743545466,91977900
2022-05-02,310.934814453125,311.16911901360544,302.3139916989888,305.418646303666,115511800
2022-05-03,311.2667236328125,313.56105486533943,308.4940107072857,310.9542977214525,78185500
2022-05-04,321.7913818359375,322.4650372818678,306.4535791498154,311.7451560851586,116083400
2022-05-05,305.58465576171875,317.54443861501284,302.28472723588106,317.4663470202801,154607400
2022-05-06,301.92352294921875,307.6251632672348,297.88158986039866,303.58325997299744,139572800
2022-05-09,290.1101379394531,302.0211165594891,288.7140235832542,296.2901889871183,113387300
2022-05-10,293.63458251953125,298.516125493751,289.54384712356915,297.29573975019605,124124600
2022-05-11,284.9259338378906,296.8857156817509,284.0570345685375,291.3695773616615,140326100
2022-05-12,284.25225830078125,288.7432840625286,278.1893899094389,280.639934162205,120910900
2022-05-13,294.78668212890625,295.8215670757037,287.11287945019643,288.7140401872521,83684900
2022-05-16,291.36962890625,295.0991360345556,290.0906666378105,293.0391087736374,59190400
2022-05-17,298.9164123535156,299.2971572082001,293.42953308251396,297.23716039679977,62715300
2022-05-18,284.2425537109375,295.0893300011447,282.9831070369367,294.3961591068997,79477100
2022-05-19,282.7195129394531,287.41558607288096,280.7668951754565,282.4364048157731,79920700
2022-05-20,281.84075927734375,286.83945453831075,273.57142425001445,286.1853444617827,91764200
2022-05-23,286.5271301269531,286.90787508274974,280.4837760018996,282.88548741451507,63648400
2022-05-24,280.4349670410156,282.0165827377868,275.563195022885,281.30389628863514,73491100
2022-05-25,284.3597106933594,286.4392532050121,278.73616246968777,278.9411789752566,67144500
2022-05-26,292.238525390625,293.7908827367591,283.2760169784604,283.5591548975482,59462200
2022-05-27,301.7770080566406,301.92344839444075,295.25527346028986,295.3724257305299,66985600
2022-05-31,300.9764709472656,303.95420082268697,297.1200393299747,301.7477632296397,60968300
2022-06-01,298.75048828125,305.24293574413247,296.5342780648201,303.114589743024,65341700
2022-06-02,306.93194580078125,307.1076742229117,296.2120651321494,297.627724719994,59291300
2022-06-03,298.9457702636719,303.11459816641695,297.69609617562924,301.7087110930465,60914700
2022-06-06,299.94158935546875,304.95005824368644,298.3794893236998,303.38795821191746,51785000
2022-06-07,302.5287780761719,303.30984292834245,295.5188886224399,296.61234962090106,44900300
2022-06-08,300.3515930175781,304.33491900938935,299.5021795052735,301.72816192899205,38342100
2022-06-09,292.30682373046875,301.72819688478825,292.1408679336446,298.6626030084807,55900500
2022-06-10,281.9969787597656,287.88411855773734,281.5478851361956,286.69302084729753,85963500
2022-06-13,268.8851318359375,275.6509426978248,268.02597557514457,273.12230721796504,94442000
2022-06-14,269.3733215332031,272.0581703041215,266.8642011675013,271.0818616601512,64697500
2022-06-15,276.1000671386719,280.03458970430654,270.0567143684024,272.80016901473215,86051400
2022-06-16,264.96038818359375,269.51973236686683,262.9003616771459,269.0608661626493,81910300
2022-06-17,268.1822509765625,270.62302283386526,264.1012875818511,265.7317064975655,82703400
2022-06-21,274.9483642578125,277.2666889435167,272.56161912710195,272.6692052020595,51633700
2022-06-22,274.5473327636719,278.9589289945945,271.847531276866,272.44421009285753,67472900
2022-06-23,278.6361083984375,279.4871248933807,274.1951384635695,277.03187006399634,57457800
2022-06-24,288.18316650390625,288.60380888432167,281.22828311811537,281.4630380453446,58422300
2022-06-27,286.0703430175781,290.1102237972035,284.93564432833216,289.54288937850583,54151500
2022-06-28,277.354736328125,289.20054888684166,277.16887868740486,286.6083631766049,61609800
2022-06-29,277.6090393066406,279.1154533696027,274.71361851895705,277.21777106806496,57302700
2022-06-30,274.1658020019531,277.74596413882557,269.7639677134483,274.6255503328265,79313600
2022-07-01,275.9754333496094,276.36670151325376,270.9866821705634,272.86481114864273,56675100
2022-07-05,280.7000732421875,280.817450713564,270.7128086945748,272.23877552616864,61829300
2022-07-06,282.4998779296875,284.6030000217629,279.3599117505165,281.0815272801562,63194700
2022-07-07,288.5451354980469,289.2494301690379,283.3118377200295,283.3118377200295,56620100
2022-07-08,288.9070739746094,290.2765276121822,284.7693388410872,285.7083884994442,59895500
2022-07-11,282.7347717285156,286.71596439855057,281.8544106665278,286.4910008176907,55273900
2022-07-12,279.99578857421875,285.9040369435178,278.4013415433576,283.9868018548288,55797100
2022-07-13,279.4186706542969,281.7663097877222,273.91148173868027,274.47884602246756,73939400
2022-07-14,280.4164123535156,281.2869818073733,273.69625380521563,276.81666751477024,63741800
2022-07-15,285.50299072265625,285.61060664821235,281.7956594020621,283.40968932244186,63818100
2022-07-18,283.0868835449219,289.69942721335235,281.91307883192053,288.2908376762683,59519600
2022-07-19,291.7926940917969,292.086167624126,285.1117009168479,286.7159094565525,55172600
2022-07-20,296.4195251464844,297.6031211402486,291.4307735590572,292.2133398022545,67769400
2022-07-21,300.6746520996094,300.73334083918394,294.2186220797438,296.87928773057956,55049400
2022-07-22,295.4022521972656,301.819147180153,293.57304994858725,299.74539853776133,57127700
2022-07-25,293.71978759765625,295.9011522934631,291.7145190021952,295.431612445635,40582400
2022-07-26,287.9484558105469,292.272048779563,287.1365749945954,292.0177110014292,50074100
2022-07-27,300.11712646484375,301.8093983272372,291.94927060065396,292.5166349749885,69304400
2022-07-28,303.0516052246094,303.62873100713216,296.1456189431014,299.90184715853945,55139900
2022-07-29,308.578369140625,309.48810428309446,303.1690048760981,304.5971771053359,57501000
2022-08-01,308.39251708984375,311.8553019527591,305.7122985006147,306.8078614319243,46358800
2022-08-02,307.4730224609375,311.6009662955933,305.0373502184947,306.0938072321731,48676500
2022-08-03,315.8463134765625,316.6679856702518,309.0968100072378,309.1554987459406,53735700
2022-08-04,317.32330322265625,317.6363296810012,313.7724858311615,315.9245054174753,38973700
2022-08-05,314.7311706542969,316.7657832691667,311.4444818490799,312.2270182736027,53894000
2022-08-08,313.7138366699219,319.3481942233988,312.2465585446914,315.65065454189204,43878500
2022-08-09,310.16302490234375,312.07049844322415,308.53926334826303,311.81616067728,39764200
2022-08-10,318.82000732421875,319.11348089865317,315.0344340436592,317.5092422769354,51459600
2022-08-11,317.0103454589844,323.1533492388953,316.30605070101393,321.1480808935425,45897700
2022-08-12,323.1827392578125,323.3783584573444,318.0081293227505,319.06455658541415,40928400
2022-08-15,325.79443359375,326.29331771053694,322.2142713743643,322.2338541879481,38266600
2022-08-16,325.03143310546875,327.12476412329613,321.97949953153403,324.8162311302888,41186900
2022-08-17,321.3241271972656,324.19999479301384,319.2405874236265,321.89149147226397,47842200
2022-08-18,322.096923828125,323.28051993776967,319.66125145862947,321.2752515812091,41937200
2022-08-19,315.8169860839844,319.71017548902813,315.0540025158643,319.05480785905405,51770600
2022-08-22,307.50238037109375,311.7868376502083,306.6904995384798,311.5520826820988,51098900
2022-08-23,307.24810791015625,310.08484022576204,306.49488588076076,307.2676608758052,39497100
2022-08-24,308.13818359375,309.9575940568266,306.16223003707927,306.76870019143814,38057100
2022-08-25,313.5867004394531,313.6062832550124,308.8718689268864,309.91850474445187,38098300
2022-08-26,300.7333068847656,314.4963819462538,300.6452737853432,313.2932032171177,69047700
2022-08-29,297.7694396972656,300.5181384539001,296.6640853502917,297.9748502855104,48321900
2022-08-30,294.4533996582031,300.0388605688914,291.92969410706905,299.4225989041652,51184500
2022-08-31,292.7415466308594,298.25852685545806,292.63396056107246,297.35858311354207,50044000
2022-09-01,292.8686828613281,293.2403980643306,286.55940537175366,290.2471533321544,57990700
2022-09-02,288.7310791015625,297.12389906629676,287.11704885477786,295.74465368100067,64666800
2022-09-06,286.6572570800781,290.12983361607974,284.52481979318225,289.2103368314818,57005400
2022-09-07,292.4480895996094,293.44582795878586,286.87242089092786,287.13655005354025,49260400
2022-09-08,293.9642639160156,295.28482016854514,289.00488665486586,290.3743402363653,55649800
2022-09-09,300.3909606933594,300.8898448162096,293.9642752414733,296.2238812009647,56125200
2022-09-12,303.9613342285156,304.2939136960637,301.4571818889825,301.7702083943868,45905700
2022-09-13,287.2930908203125,296.4097569145106,286.4029384407446,295.2163694206984,79562200
2022-09-14,289.57220458984375,290.4525654242087,286.6669929401463,288.4375060148532,54907200
2022-09-15,284.7497863769531,290.0613261297462,283.1455479330982,287.65499831581434,65299400
2022-09-16,283.0086364746094,283.3999047048612,279.3893381781114,281.44353370174935,79920400
2022-09-19,285.21246337890625,285.36925788340324,280.3029681624726,280.3617623634722,52613800
2022-09-20,282.9390563964844,285.2321202645329,280.6361835251008,282.7038496549295,51271100
2022-09-21,277.8727111816406,288.05433610911905,277.7355346747313,283.7817679020935,82931000
2022-09-22,274.4527587890625,277.3533829172927,273.2278295231123,276.3440423983697,62757100
2022-09-23,269.9842224121094,272.27728643642564,266.56419952539187,271.983285465821,74815200
2022-09-26,268.8670349121094,273.8843397574687,268.0732832419527,269.51380107029183,71176700
2022-09-27,268.974853515625,274.5899096054697,266.65236272422413,272.23805161615536,69780100
2022-09-28,274.3253173828125,275.6090406552918,267.4755235954847,268.9552175757997,79652100
2022-09-29,266.41717529296875,270.70933165301625,263.44794834472293,270.3271394183976,81216000
2022-09-30,261.8996887207031,269.67063288539833,261.74289418441106,265.59406465830415,78482400
2022-10-03,268.0439453125,269.64125800806374,262.16428429157975,263.67340566048995,61267400
2022-10-04,276.47137451171875,277.1769347984404,273.39433856794864,273.39433856794864,66696900
2022-10-05,276.324462890625,278.1177462333328,269.8960362954146,272.698660188439,55766300
2022-10-06,274.14892578125,278.4802580821245,273.8255277704124,275.3248397061757,53489400
2022-10-07,263.70269775390625,269.63134162681035,262.3699595690452,269.5039442372107,71354700
2022-10-10,261.0666809082031,264.2907025259189,258.352248912366,263.8987013073986,60393000
2022-10-11,257.4800720214844,262.2621995521856,255.79456854599937,259.39097319563916,66522500
2022-10-12,257.3919677734375,260.037797326134,256.69621624988247,258.1171164062835,50580200
2022-10-13,263.4283447265625,264.7512740604307,249.16035882083065,250.0423166943251,112894100
2022-10-14,255.51040649414062,266.35838600338946,254.9224644384872,265.7606349449764,77244300
2022-10-17,263.94775390625,264.8198879587076,261.3900861479112,261.48808646646216,64576500
2022-10-18,266.0350341796875,271.6500904938322,263.34996903713596,270.98373618624925,69781000
2022-10-19,265.0649108886719,268.1909330831839,262.69346433762996,264.5161449146042,53115400
2022-10-20,263.71258544921875,269.32767256641716,262.54648017729903,264.17316009833104,60605500
2022-10-21,269.8960266113281,270.43498352357136,261.46850732075535,262.60524526278607,77897700
2022-10-24,272.865234375,273.79616260261975,266.5151907800213,270.16058119288914,63963600
2022-10-25,278.5097351074219,278.89192742891004,272.32629398497915,273.80601824689097,59014500
2022-10-26,272.35565185546875,278.2843271482742,271.8656801736913,272.87502064193285,63492400
2022-10-27,267.3971252441406,272.6986221206552,266.8777564879459,271.23851616381444,57760300
2022-10-28,275.57965087890625,276.0500344201058,266.60336682977663,266.7699703460856,62651300
2022-10-31,272.3753356933594,274.1490312176428,270.45462470461166,273.32588218196753,47742000
2022-11-01,269.5921936035156,276.41262067285396,269.2296193583907,275.854045800663,45895900
2022-11-02,260.3513488769531,272.63003817817383,260.28274566333494,269.56281062737315,79803100
2022-11-03,255.26539611816406,259.1949779433197,254.88323381874503,257.7348721363837,70038900
2022-11-04,259.37139892578125,261.2626824156032,253.8837101799191,260.2043567551037,78313200
2022-11-07,262.2230529785156,262.76203979625734,258.28369124402815,260.4199606963149,47333800
2022-11-08,264.13397216796875,267.3775826721657,260.19458026576467,263.7420007597473,63213800
2022-11-09,258.0387268066406,263.1736211213462,257.75453482117354,262.38967829202545,64862100
2022-11-10,277.0789489746094,277.372919982146,268.357460186923,270.47414115766946,99256700
2022-11-11,282.1844787597656,282.85086296610285,275.55027304466245,276.89279064960306,66961800
2022-11-14,279.71502685546875,283.40940244818376,278.7350835242502,280.1265863075021,55290700
2022-11-15,283.5857849121094,287.37816041700336,280.23436591621817,286.34920208500887,73985400
2022-11-16,279.71502685546875,283.67400628713096,278.89187804590483,281.62592831354385,48859800
2022-11-17,279.0976257324219,280.57734956245355,275.0896615564988,275.24645606015395,55462100
2022-11-18,279.10748291015625,282.21388670262144,276.65762444048386,282.1159162882337,53588600
2022-11-21,276.2362060546875,278.8722257787584,275.40324834438576,277.71589996730086,40083500
2022-11-22,280.2148132324219,280.3715778517728,274.8349038986994,276.97120313245244,41873400
2022-11-23,283.0272521972656,283.6544004051931,280.0580249729799,280.23440760281903,46390000
2022-11-25,281.165283203125,282.13541728785134,280.6753116604568,281.42985707018954,15498800
2022-11-28,277.0397644042969,281.20452346589997,276.1088362044129,279.18584264259795,38714200
2022-11-29,274.9427185058594,277.66695987831514,273.57080376892094,277.26517950794414,35618900
2022-11-30,287.4761657714844,287.583975090457,274.3547399128504,275.20728583941656,74718100
2022-12-01,287.8289794921875,289.8182634176508,285.04594379731026,287.7995823861166,51547300
2022-12-02,286.6824035644531,287.56437646842306,282.5764387004473,282.7528512245392,53583200
2022-12-05,281.8708801269531,285.82982917530705,280.41074440392526,284.5559149606723,41482100
2022-12-06,276.03045654296875,281.8513228749803,274.63895362772695,281.71414634645646,53937600
2022-12-07,274.903564453125,276.9026576800674,273.1886632308445,274.84477023222996,45614300
2022-12-08,278.1568908691406,279.12702509377806,274.17832376133197,276.2557986169766,42594900
2022-12-09,276.3832092285156,279.9110109941769,275.9422227932472,277.1377547831242,47860500
2022-12-12,279.8522033691406,279.9110274820707,275.5208705922614,276.5596081309065,35732500
2022-12-13,282.86065673828125,290.9256016950821,280.1756213891042,290.7002039468558,80667700
2022-12-14,280.7635803222656,285.5652967825722,277.5101612050546,282.2726715576062,64984400
2022-12-15,271.3365783691406,277.33382798770094,270.14104606635226,276.6674436591362,60554100
2022-12-16,268.7494812011719,272.1988712513383,267.14235964810024,270.6603828200437,68300400
2022-12-19,264.97259521484375,269.10802565667643,263.7349008400756,269.019623198064,44167900
2022-12-20,264.7662658691406,266.5147396211088,262.22214018368135,263.8036115650113,51064200
2022-12-21,268.6070556640625,269.91348741137045,264.962740308283,265.807524803152,46394700
2022-12-22,262.0355224609375,265.7191076058468,257.8116601751859,265.5914051911551,60278400
2022-12-23,262.6248474121094,263.2928269048441,258.86269266105694,260.76833626170077,39373600
2022-12-27,258.91180419921875,262.1239094413992,258.3715570673446,262.01584202876984,38009000
2022-12-28,255.4935302734375,260.76842061502145,255.13008791874358,258.5091665318919,47139000
2022-12-29,261.7211608886719,262.6641502137133,257.60536636441543,258.3027833668978,45893600
2022-12-30,261.5639953613281,261.6916977675201,257.64467062067865,258.9511022085316,37858300
2023-01-03,259.7958984375,265.36546227249795,257.48751246640285,263.89202824546896,42335300
2023-01-04,261.0335388183594,262.7132750394149,257.8803986818044,261.9176231355841,47754900
2023-01-05,256.9472351074219,259.53066089550674,256.6329252978597,259.36368849309747,45396700
2023-01-06,264.0394287109375,265.1592532279214,255.72926720743808,258.6859684538016,54659700
2023-01-09,265.7485656738281,270.4144400254255,265.1395510811122,266.03340799810394,45568700
2023-01-10,267.9980163574219,268.10608378456925,264.20639348493586,264.7171732050925,35247800
2023-01-11,272.6344909667969,272.7425584205912,268.28295484261173,269.0688045794265,44077000
2023-01-12,274.10784912109375,275.139270992559,268.89189472834795,273.1943271601256,60600000
2023-01-13,275.993896484375,276.2394688722503,271.2690861398221,271.60306099008073,44802900
2023-01-17,276.5537414550781,277.84053805638007,274.6284328189318,275.7973594990596,36269700
2023-01-18,272.9585876464844,279.6479761696121,272.75231526276207,278.0959421055457,47754500
2023-01-19,270.2769470214844,272.4674633746698,269.0392826492269,271.3280039696785,44150400
2023-01-20,277.6735534667969,278.0075282572097,270.82699532060246,271.88788463329513,60613600
2023-01-23,283.84234619140625,285.07020798276574,277.722702208611,278.5183542512444,52799900
2023-01-24,283.2628479003906,284.4219424369341,281.70101102953635,282.2216233198211,44875100
2023-01-25,282.63409423828125,283.2529112796493,276.20008172043674,278.7442072585787,50872000
2023-01-26,288.14471435546875,288.32151921943733,283.41007315083573,286.0622660187157,51596300
2023-01-27,291.01300048828125,292.97757883767446,286.7105691067763,286.82843901140603,56441900
2023-01-30,285.1291809082031,289.16640660373514,284.7559360547013,287.74207474530715,49405800
2023-01-31,289.40203857421875,289.50027348938727,285.0603371083911,285.1683745311153,46705100
2023-02-01,295.590576171875,298.05610248785,287.1232153108514,289.1958617905142,67562200
2023-02-02,306.19921875,308.1244973652682,301.29760478441443,302.1227241909579,83070600
2023-02-03,300.7573547363281,306.8573933607601,299.14641574356017,299.53932549956994,76170800
2023-02-06,298.2132568359375,300.4921756026431,296.8675250573083,298.13468686819743,40802300
2023-02-07,304.391845703125,305.5214725237731,296.9657401974093,298.0855345313347,67584000
2023-02-08,298.9793701171875,304.01851869676693,298.29178563789054,303.07552942331165,56720900
2023-02-09,296.3370666503906,303.51759995166015,294.8832974861869,303.37026253327383,49137800
2023-02-10,294.3921813964844,296.22905800418135,291.98556007950657,294.1760765028084,50050100
2023-02-13,299.1070861816406,299.69646574588944,294.618016971211,295.79677609970855,39636700
2023-02-14,301.3172607421875,302.27008261908674,295.5806944853738,297.525638207101,64079100
2023-02-15,303.6257019042969,303.7926743384244,298.8124891680649,299.5000738577565,43100600
2023-02-16,297.9283752441406,302.9675248690793,297.78103782351855,298.9892646268092,59498600
2023-02-17,295.82623291015625,296.5825848377924,292.8204302156899,295.73783047527064,58230700
2023-02-21,288.82257080078125,293.4393432868049,288.68506586348246,291.99537657114183,46526700
2023-02-22,289.03863525390625,291.11125135049537,287.3785638886052,289.40207750954767,51389200
2023-02-23,291.5631103515625,292.84990690607964,287.3687159540404,292.69273702453154,69294400
2023-02-24,286.6811218261719,287.78128098300004,284.9129832009076,286.592719391472,74332000
2023-02-27,288.7341003417969,291.2389259020136,288.1447208049551,289.8440919744796,48995000
2023-02-28,288.3608703613281,290.8755287965995,287.77149073307226,288.1054655277622,48243100
2023-03-01,286.0427551269531,288.7243866585097,285.06046548706263,288.0662693869595,58287000
2023-03-02,288.4100036621094,289.2154882409043,283.262816311257,283.54768865782523,53565900
2023-03-03,294.37249755859375,294.60826741292226,289.6476876641079,290.15849736757355,60511500
2023-03-06,294.7064514160156,298.6159739722746,294.5100115246582,295.610170842958,56736300
2023-03-07,291.0916442871094,295.67894908673577,290.4826296406142,294.75559463008375,65955800
2023-03-08,292.54547119140625,293.14465340785966,289.65753761282446,291.514049212143,50876300
2023-03-09,287.4767761230469,295.6494298951968,286.6614592566164,293.04633939540435,71456700
2023-03-10,283.4395446777344,289.1368401849636,282.290283068431,287.64374137344026,98593600
2023-03-13,285.5417175292969,289.2547703850332,280.1391256505903,281.6518597702146,97123600
2023-03-14,292.10345458984375,292.6535343696233,288.25289613138676,289.0976508013698,73602500
2023-03-15,293.63580322265625,293.9697780669856,288.04657337567556,289.49054018983065,83631500
2023-03-16,301.376220703125,301.7396629996078,291.92660108619316,292.72225313446495,98198100
2023-03-17,299.95184326171875,303.674728065103,297.9970971669205,301.2877722844565,89923700
2023-03-20,301.0163879394531,301.3410320733735,297.12050821489515,299.3340810166785,56359500
2023-03-21,305.3156433105469,305.7681875803213,301.4394288546656,302.9545049168714,49757000
2023-03-22,301.1639404296875,310.1461313695426,300.9967095272802,305.24674630503034,75791900
2023-03-23,304.7351989746094,309.06395770110566,302.0395687267942,304.90245991320177,74576000
2023-03-24,305.8567199707031,305.9550769566184,301.98050598303996,304.3121309910328,57195200
2023-03-27,303.76116943359375,307.6373830341869,302.9052595817998,306.5551860856842,50287400
2023-03-28,302.1477355957031,303.2102672552795,299.8357759900044,303.1807541549301,48585900
2023-03-29,307.65704345703125,308.2768485185975,305.03025772551166,305.8468367830818,53274300
2023-03-30,310.5691833496094,311.19883626176323,307.7456530010208,310.13630447837943,58354800
2023-03-31,315.7341613769531,315.9702962118408,310.49046686740064,310.7954455899421,62138100
2023-04-03,314.966796875,315.23244481650516,312.28101452245835,313.6091341359782,47126800
2023-04-04,313.90435791015625,316.42290986250373,312.6844127288419,315.40958645998506,45875400
2023-04-05,310.8052978515625,313.8944459319647,308.98524317445697,312.9499966490808,62795700
2023-04-06,312.9007873535156,313.39269239889046,307.75547979393593,309.1524733096397,46916500
2023-04-10,312.72369384765625,312.7729023639507,308.17849624864294,309.9690377341633,45134700
2023-04-11,310.7167053222656,312.74338158453696,310.2051349204636,312.6843253617337,40113600
2023-04-12,307.9718933105469,313.26479595734065,307.50950140584746,312.6745039478416,62813300
2023-04-13,314.0026550292969,314.4748646204521,308.55233915122227,309.7328931526092,54613800
2023-04-14,313.4123840332031,315.1733824574707,310.5002845828092,312.4482393474442,56278300
2023-04-17,313.6780700683594,314.0322573858951,310.92341325867034,312.99923856463107,43007000
2023-04-18,313.6976623535156,316.21624373703116,312.49744289892294,315.7931825919775,46746900
2023-04-19,313.5500793457031,314.6126109678501,311.1594282311205,311.2873283359622,38960100
2023-04-20,311.1594543457031,314.1010369099434,309.8706655285175,310.5790099948983,62462100
2023-04-21,311.48406982421875,312.26128813113644,309.0147271391236,310.7954208380183,59002300
2023-04-24,310.8348388671875,312.5958374752224,308.6605967490596,311.25787003960903,44043100
2023-04-25,304.97125244140625,309.8706370522582,304.87289546015705,309.2016534575712,57121600
2023-04-26,306.8208923339844,309.8411969526917,306.299474111822,308.3654816042881,55400500
2023-04-27,315.1636047363281,315.6653275241942,309.94939264300683,310.58889329416763,65430400
2023-04-28,317.3377380371094,317.42627733061755,313.7960161792962,314.92739162767475,59712600
2023-05-01,316.9737548828125,318.3904437230442,315.89155784881615,316.87536787544934,41013400
2023-05-02,314.2093200683594,317.2296247186195,312.4679567240077,316.9049505254157,56519400
2023-05-03,312.1531066894531,317.2492356655561,312.04487196912623,314.5732710641641,59882100
2023-05-04,311.05126953125,313.0779160461584,310.0182508556781,311.92684495589333,50224500
2023-05-05,317.6624755859375,318.5183856176378,311.0906009279849,313.3140214873927,51806100
2023-05-08,318.4494934082031,318.7938329476194,316.11786827688667,317.2000653906943,36465800
2023-05-09,316.4327392578125,317.6526543450105,316.11791277611434,316.7868965320935,31768800
2023-05-10,319.8760070800781,320.7319170011194,316.39331117258314,318.87250163596127,60446600
2023-05-11,320.91888427734375,321.45996785269836,318.8725423436506,320.426979200293,44278500
2023-05-12,319.767822265625,321.8731904664601,317.7116625879941,321.4501292703223,48432800
2023-05-15,321.499267578125,321.73537236272665,318.71506855787476,320.23999202108706,33375600
2023-05-16,321.8633117675781,323.5751317119794,320.74175385676267,320.7811146668355,40019200
2023-05-17,325.7591857910156,326.3396301298811,321.7452539130898,322.92580798377355,47486100
2023-05-18,331.80963134765625,332.0260707769426,326.1330577126718,326.15272310678785,64213500
2023-05-19,331.0619201660156,332.7343791895953,329.99938852891864,332.0260347726971,61554900
2023-05-22,332.1736755371094,333.1869987970139,330.79631729968287,330.80616500876556,43015900
2023-05-23,327.96295166015625,331.60306138513374,327.6087944018148,330.4520202720196,48216700
2023-05-24,326.2806091308594,327.52021944717154,324.22444965322325,326.0051435076235,62891200
2023-05-25,334.21990966796875,335.4890328806306,331.21930139941946,333.64931312053346,66862800
2023-05-26,342.75946044921875,343.5957051062899,335.1447792692735,335.24316629190025,63007000
2023-05-30,344.3139343261719,348.1999669375174,342.88739740362917,346.99971718896984,72652200
2023-05-31,342.3560791015625,344.9238391648621,340.90005931752535,342.72993175643774,65105400
2023-06-01,346.3110046386719,347.6391242615058,341.0476145726759,342.10029859057545,50488600
2023-06-02,348.90826416015625,350.0691529330705,346.3110209728989,348.0720195268355,53372100
2023-06-05,349.1541442871094,351.7120561547524,348.12115585185785,348.69175241094507,47266200
2023-06-06,349.09521484375,350.05935966776156,347.2161337208275,348.5442835224592,41390400
2023-06-07,343.172607421875,351.338218317684,342.5429546179051,349.3804460479306,69225900
2023-06-08,347.43255615234375,347.8949481340111,343.2415452366287,343.46780236109106,47153900
2023-06-09,348.76068115234375,351.86952467742464,347.31447910149126,348.88858126936157,53196900
2023-06-12,354.65362548828125,354.75201248415794,349.44929267190804,350.42325487704676,44606500
2023-06-13,357.37884521484375,358.2150597311599,354.2011279729432,357.4083583151432,57097800
2023-06-14,359.9761657714844,360.2614791515974,354.58490479704085,357.38874000087077,69525600
2023-06-15,364.2655334472656,365.7510662668436,358.08720728442455,358.70698242124115,71138800
2023-06-16,361.97320556640625,366.81356396968573,361.5305090811511,366.6856638661125,80932000
2023-06-20,361.4549865722656,362.8539261824935,358.4896771506674,360.5191031584816,49204700
2023-06-21,356.5292663574219,360.74574839812027,355.6032138941422,360.3122757529814,53378300
2023-06-22,360.73590087890625,360.89349995663713,354.87418928310535,355.27810832341714,47603000
2023-06-23,357.15972900390625,359.4649985968141,355.4652534828781,356.8346095368209,48922900
2023-06-26,352.3718566894531,359.4256025963642,352.2831959387062,356.6277531134022,52685500
2023-06-27,358.43060302734375,359.1596415732708,353.1895768193049,353.91858530054697,49428100
2023-06-28,359.1301574707031,361.0807546091883,356.52932119980176,356.60815081905434,46498000
2023-06-29,358.4108581542969,359.47484719964973,356.76565870417534,358.83446950352044,46151000
2023-06-30,363.9376220703125,364.9917198466241,361.78012044104713,362.09534862006734,58712500
2023-07-03,364.79473876953125,365.42522524890154,363.49432094593277,364.57800246559816,19432900
2023-07-05,364.784912109375,366.4892491183316,363.1889582949939,363.2283730989019,34460900
2023-07-06,362.00677490234375,362.4501087931681,359.1104029795011,361.07089122626405,49374700
2023-07-07,360.8048095703125,364.98190633957466,360.57824212425305,361.7801379298685,47133700
2023-07-10,360.9231262207031,361.6028888809546,358.0169228791195,360.5290683176551,48498800
2023-07-11,362.7062072753906,363.159372253432,359.20887280974875,361.3466822765827,38214100
2023-07-12,367.2872314453125,368.63689536838575,364.80460986214194,366.81434398549743,61975400
2023-07-13,373.52325439453125,374.35078484648756,369.8880130841644,370.469253637395,46960000
2023-07-14,373.4444580078125,377.17819125743983,372.56765152989857,373.9567301781998,55148500
2023-07-17,376.931884765625,377.80869120494543,373.68087024397227,374.1635888076031,40868900
2023-07-18,380.01544189453125,381.3848281242164,374.36063559855717,376.2915399324803,55262000
2023-07-19,379.9267883300781,382.2222270016943,378.5968168760338,381.0794382741658,54093000
2023-07-20,371.1687927246094,378.3998615979558,370.1442181783828,376.9319531434967,71941700
2023-07-21,370.0555114746094,374.28185464657395,369.62203883827016,373.5528160865386,60499600
2023-07-24,370.6466369628906,371.97657847818334,368.7846707379809,371.03083360417656,40380100
2023-07-25,373.1587219238281,374.823643918431,371.33617079820385,371.3558932300082,38894400
2023-07-26,371.9174499511719,373.61192570486145,369.61218004173713,372.11449390159294,47075700
2023-07-27,371.03076171875,379.0006983723137,369.7402051940931,377.3850524449378,63940200
2023-07-28,377.7890319824219,378.8135763679888,374.5774019148181,375.0896741076016,56902900
2023-07-31,377.9859619140625,379.1681652528918,376.6658518890216,378.0943450847171,44019900
2023-08-01,377.1092224121094,377.8677844219054,375.04038139985886,376.63633501755186,41060600
2023-08-02,368.83392333984375,373.6316458629854,367.5926126020604,373.6316458629854,72687100
2023-08-03,368.2428283691406,370.3707767884127,366.2527866651259,366.4202770315307,47666400
2023-08-04,366.518798828125,372.4888638078676,366.0163577938433,370.1737326539145,61702800
2023-08-07,369.6220397949219,369.72056176974223,365.99665961314304,368.33148309942624,37230400
2023-08-08,366.47930908203125,367.1295179155835,363.34650930056284,367.109825550208,44726500
2023-08-09,362.4500732421875,366.9227062590879,361.69151117096595,366.76507711480446,51150900
2023-08-10,363.1199951171875,368.8043555265516,361.5930096715528,365.4646799160487,72035300
2023-08-11,360.8048095703125,362.53869992980555,359.27782435463325,360.5585196926428,48707200
2023-08-14,364.8538513183594,364.972065655942,359.2877057828268,360.0068530246826,42130800
2023-08-15,360.982177734375,364.6765260693381,360.31224638714207,363.87851916947704,45539900
2023-08-16,357.15972900390625,361.9771432639788,357.0612070422234,360.440296868707,53190500
2023-08-17,353.258544921875,358.9035207130956,352.84479469238767,358.5587088120644,62604300
2023-08-18,352.8152160644531,354.0762191631118,349.4459569685998,349.98781279310265,61191400
2023-08-21,358.4995422363281,359.1793047082573,353.82003453040886,354.2830607060029,50696500
2023-08-22,357.9873046875,361.12010503873574,357.2976809330937,361.11024382191454,44530200
2023-08-23,363.63232421875,364.72586724504026,358.9528151060558,359.1695514675472,51770600
2023-08-24,355.8594055175781,367.20843499579223,355.65253038852836,367.1099430727045,66842500
2023-08-25,358.61773681640625,360.3122122949681,353.2584669337308,356.69669390280177,69960500
2023-08-28,361.31719970703125,362.2530834311742,358.84443911262383,361.54376720824047,40910000
2023-08-29,369.2082824707031,369.5629555891602,360.79504044961345,361.12012991556895,58492400
2023-08-30,371.2672424316406,371.8485130682303,368.3117635519822,369.31664561246504,41731500
2023-08-31,372.3804931640625,374.0848302124289,371.2771191466156,371.3460875388778,35730700
2023-09-01,371.98638916015625,375.178296466728,370.49878862582227,374.7546850777069,39801200
2023-09-05,372.45928955078125,373.6808778090351,370.25251164804223,371.17856405822965,32344200
2023-09-06,369.1787109375,372.02583670551144,367.1690069344536,371.6810248213159,42998700
2023-09-07,366.5384826660156,367.3167671772476,363.6716645886593,364.7159313717215,52060700
2023-09-08,367.05072021484375,369.2870515634828,366.0852831280039,366.4892021383954,35800100
2023-09-11,371.3756408691406,371.8879130726899,368.114764776567,370.085084110554,39936600
2023-09-12,367.2576599121094,371.3559275028514,366.97195520672244,369.7008365067179,41391000
2023-09-13,368.6565246582031,370.26233943866094,366.36111627294935,367.4940436745069,46300700
2023-09-14,371.67120361328125,372.65636335149674,368.3413889524518,370.41020035095295,48039400
2023-09-15,365.3070068359375,370.7352455252118,364.3710932465167,370.3313265058135,69811200
2023-09-18,365.6878662109375,366.8027128907005,364.0797266716834,364.36584496048613,36903500
2023-09-19,364.9084777832031,365.7076098566791,361.8796522113721,364.36586764726064,37621700
2023-09-20,359.64996337890625,366.32913780083436,359.5710196614612,365.97398139695105,45514200
2023-09-21,353.05950927734375,356.74935990446664,352.8918065855037,355.96007335750306,69734800
2023-09-22,353.1088562011719,356.9466585342557,352.7931415827631,354.8057846398653,51589700
2023-09-25,354.7861022949219,354.8749215114472,351.1554738054546,352.14205959769305,39168000
2023-09-26,349.4585266113281,352.7438739868409,348.47194087111296,352.2012337647981,53657700
2023-09-27,350.2774353027344,352.19141418765446,346.64677663046984,350.6128708660016,56066000
2023-09-28,353.20758056640625,355.3386094390562,348.5015471820596,349.35987198322243,56453300
2023-09-29,353.46405029296875,358.08129428246383,352.23081815961984,356.6902048230615,64829600
2023-10-02,356.4139404296875,357.8148751876751,353.1187479820633,353.7304262658217,51625100
2023-10-03,350.15899658203125,356.1672996536703,348.5409816435932,353.967202787342,60478500
2023-10-04,354.9241943359375,355.77264355913144,350.5338760666792,350.997572535324,54786700
2023-10-05,353.87847900390625,355.3188859067057,350.3761112989033,354.9143820974394,45897400
2023-10-06,359.80780029296875,361.00156050479404,350.08992557305686,350.87918205349234,75049100
2023-10-09,361.6427917480469,362.18540174968723,355.9403285530249,357.43992772912645,45304800
2023-10-10,363.6455993652344,366.29951715958055,361.4751290106338,361.978267216126,46968800
2023-10-11,366.2403259277344,366.42777960975275,363.25097261476304,364.9774975009921,38215100
2023-10-12,364.9676513671875,368.72654058462217,362.5702552725793,366.7435237436509,49587900
2023-10-13,360.3799743652344,366.1811023109661,358.9790096138235,365.59902043997624,52469900
2023-10-16,364.4546203613281,365.5102742669237,361.5540560479042,361.7020378785472,44201100
2023-10-17,363.2608642578125,364.9577928543433,358.7817567806545,360.90290999926657,50999100
2023-10-18,358.49566650390625,362.9747743309581,357.163769692481,360.7648318403143,54280500
2023-10-19,355.1412353515625,361.110066452406,354.34210338885663,359.9163062538782,72274200
2023-10-20,349.8432312011719,355.2102588353684,349.61630569275746,354.63802237352354,72559700
2023-10-23,350.89892578125,354.44076459522245,346.40994308049073,348.5212507897234,60665200
2023-10-24,354.3125,355.0820355824691,351.01730762849365,352.71423610627215,47082100
2023-10-25,345.640380859375,352.09265884053417,345.05829899300005,351.9150806660202,71190500
2023-10-26,339.0500183105469,345.37403575758646,337.7575935549891,344.43676737384436,78621400
2023-10-27,340.67791748046875,344.16056391799447,339.46440618840353,341.7828886855002,63476700
2023-10-30,344.5157165527344,345.8377376935948,341.80260605044055,343.1640689388819,55298500
2023-10-31,346.1632995605469,346.538206922003,341.97031057999595,344.5453147631418,47671900
2023-11-01,352.171630859375,352.73399194682804,346.90326671741013,347.00193131124155,58992700
2023-11-02,358.5647277832031,358.8014987288372,355.4668340728547,356.69022087778205,58162400
2023-11-03,362.77740478515625,364.0698295917299,359.6301941195656,359.85711966043,53280500
2023-11-06,364.25732421875,364.8196853344033,361.98818898787283,363.5469812590323,38848700
2023-11-07,367.700439453125,368.5686094295307,364.099378178354,365.3030137305222,50777400
2023-11-08,367.93731689453125,368.7759208603814,365.648430573781,368.0754232526024,35663400
2023-11-09,365.1057434082031,369.7722740677285,364.6124506038928,368.62786125694754,53859400
2023-11-10,373.3141174316406,373.4620992411982,366.29947857659766,366.83224319920635,58309800
2023-11-13,372.1499938964844,373.2056478510393,370.20641880868595,371.73564475146736,40733500
2023-11-14,380.1610107421875,381.0785582197308,378.03985775316687,378.5627469096064,67792600
2023-11-15,380.4471130371094,382.5485450652248,379.0856201677275,382.05525229273576,54141400
2023-11-16,380.7727355957031,381.0095065120626,378.4147814902083,379.67760989113236,45343500
2023-11-17,380.8615417480469,381.8777237872097,379.1350168197854,380.0426587786193,46571900
2023-11-20,385.4984436035156,386.15946919608456,380.8713547801415,380.8713547801415,44429600
2023-11-21,383.2589416503906,384.00875640443104,381.5126958296553,383.791706349746,43337000
2023-11-22,384.8276062011719,387.7972387192401,383.8212996510523,385.3307745303344,44121000
2023-11-24,384.2850341796875,385.01509801727804,383.28857291406155,384.42314053167644,15718800
2023-11-27,383.9495544433594,385.9029747803666,383.07147875426443,383.79169712481854,34139700
2023-11-28,384.9558410644531,385.53792296059737,382.84453340991314,383.1997198853083,35491100
2023-11-29,384.58099365234375,388.85292686435287,384.2356826138443,387.4223654655157,38811700
2023-11-30,383.61407470703125,385.31100318364287,380.6444724541138,384.847306736307,52834400
2023-12-01,384.709228515625,385.3011859545719,380.89114669131624,382.5486034338027,40490100
2023-12-04,381.1377868652344,381.41402965111894,377.5268796658972,380.9108613200342,51186900
2023-12-05,382.0947570800781,383.28851726210314,379.0560564790276,379.23366477466595,42933000
2023-12-06,379.88482666015625,385.1334700162449,379.5395457381617,385.03480542072907,41994100
2023-12-07,385.192626953125,386.02135528366534,381.76917355352117,382.8642992780169,49593500
2023-12-08,386.9093322753906,387.35327778127146,383.2688285861351,383.45628228024253,46687500
2023-12-11,390.21435546875,390.48075287034135,386.2778882587971,386.4850628203195,41198000
2023-12-12,393.3221130371094,393.44049849740657,389.11924854733235,390.25381601945304,39221200
2023-12-13,398.3241271972656,398.935805554361,393.4898629695481,394.2593986620565,55408100
2023-12-14,397.97882080078125,400.8497586985173,394.9697163446134,399.54748845405163,55447800
2023-12-15,399.9026794433594,401.0865944314981,398.1564334386531,398.7582363170143,62896600
2023-12-18,402.4215087890625,403.3210986947053,399.96990832988683,400.29611865383185,46610000
2023-12-19,404.47772216796875,404.59634410373195,402.6884375774002,402.87626569847384,35711900
2023-12-20,398.4672546386719,405.7727000758011,398.28932174752657,403.6769655756174,54042400
2023-12-21,403.10357666015625,403.46936781901707,399.84135305832086,402.4017101602885,45568900
2023-12-22,403.7066345214844,405.27843544904323,401.8283835483958,404.31953461254375,34314000
2023-12-26,406.177978515625,406.8501894949182,404.46776541962146,404.5666270738331,22722500
2023-12-27,407.0048522949219,407.2916928416781,405.60035082369023,406.46087246395894,31980500
2023-12-28,406.8070373535156,408.4093661852089,406.45098440261324,408.1620971301231,27029200
2023-12-29,405.0464782714844,407.14334518944673,403.1276680111543,406.78726205839257,42662100
